,Disease,Medication,odds ratio,p-val,95% CI (LL),95% CI (UL),weight,weight_modi,color,color_clicked
0,NAS_Baby,"Acetaminophen, Oral",4.528975945861612,8.0905415963660145e-53,3.732026598244976,5.496108502506088,0.26046011202454666,0.26046011202454666,#c9c9c9,#FF0000
1,Hypoglycemia_Baby,"Glyburide, Oral",1.885600028906028,4.262556790519917e-46,1.7281173289744325,2.057434069664964,0.2268516491090352,0.2268516491090352,#c9c9c9,#FF0000
2,TTN_Baby,"Fluoxetine, Oral",2.355089965362467,5.5466002501597314e-45,2.090251081271338,2.653484452010192,0.22127986566547306,0.22127986566547306,#c9c9c9,#FF0000
3,NAS_Baby,"Oxycodone, Oral",6.4475212996214015,6.049993003387236e-41,4.909143946841293,8.467979623172289,0.20109122563797077,0.20109122563797077,#c9c9c9,#FF0000
4,BPD_OLD_Baby,"Sertraline, Oral",1.5586144993287918,6.8780868114239776e-34,1.4508056528668247,1.6744345824112483,0.16581266173526812,0.16581266173526812,#c9c9c9,#FF0000
5,Other_Resp_Dis_Baby,"Sertraline, Oral",1.5254564704709943,1.662001059200364e-30,1.4193462168989377,1.6394995213965584,0.14889684351887048,0.14889684351887048,#c9c9c9,#FF0000
6,LGA_Baby,"Ascorbic acid, Oral",0.8652426428246256,1.988072001587001e-27,0.8429128786104357,0.8881639490386046,0.13350783945450825,0.13350783945450825,#0000ff,#FF0000
7,Postmaturity_Baby,"Nitrofurantoin, Oral",0.5499471913870437,8.344038011136616e-26,0.4918849620787868,0.6148631013973845,0.12539311863077598,0.12539311863077598,#0000ff,#FF0000
8,Neonatal_Death_Baby,"Doconexent, Oral",1.6980705190342678,1.449714043285773e-25,1.537553498683222,1.8753451441414688,0.1241935882704474,0.1241935882704474,#c9c9c9,#FF0000
9,LGA_Baby,"Calcium, Oral",0.8570571197567463,1.0100860445184308e-24,0.8321837909600139,0.882673893081179,0.11997820814560224,0.11997820814560224,#0000ff,#FF0000
10,NAS_Baby,"Ondansetron, Oral",3.528053993286259,4.1874457146853616e-23,2.748715708328881,4.528356621904177,0.11189025405018196,0.11189025405018196,#c9c9c9,#FF0000
11,NAS_Baby,"Hydrocodone, Oral",3.5726155888351974,2.3278945679177184e-21,2.74643211010558,4.647332114500219,0.10316518346548968,0.10316518346548968,#c9c9c9,#FF0000
12,LGA_Baby,"Folic acid, Oral",0.8605127796941877,2.586290130107944e-21,0.8341920826041528,0.8876639558905968,0.10293661378777078,0.10293661378777078,#0000ff,#FF0000
13,Jaundice_Baby,"Terbutaline, Oral",1.3162195178184248,2.958356960522275e-21,1.243415618808551,1.3932861972139263,0.10264474712223003,0.10264474712223003,#c9c9c9,#FF0000
14,TTN_Baby,"Oxycodone, Oral",1.6250052882892057,3.732168036181752e-21,1.4691828263283857,1.797354379350511,0.10214019405460677,0.10214019405460677,#c9c9c9,#FF0000
15,Jaundice_Baby,"Iodine, Oral",0.7167978628609745,1.3540389120580033e-19,0.6669609371712714,0.7703587235276419,0.09434184427408435,0.09434184427408435,#0000ff,#FF0000
16,Postmaturity_Baby,"Acetaminophen, Oral",0.6301204541646181,2.865029077536049e-19,0.5696599366038467,0.6969979126910986,0.09271435482982787,0.09271435482982787,#0000ff,#FF0000
17,Postmaturity_Baby,"Folic acid, Oral",0.7900908084638352,3.1208721521436095e-19,0.7504213016007665,0.8318573637067969,0.09252862011014308,0.09252862011014308,#0000ff,#FF0000
18,LGA_Baby,"Prenatal Vitamins, Oral",0.8421952565454351,3.520260715106528e-18,0.8102081661593376,0.8754452001019944,0.08726712585457079,0.08726712585457079,#0000ff,#FF0000
19,Jaundice_Baby,"Calcium, Oral",0.9379858646568954,6.130162561855757e-18,0.9244466383516098,0.9517233832608826,0.08606264004275799,0.08606264004275799,#0000ff,#FF0000
20,Jaundice_Baby,"Folic acid, Oral",0.9346885731028628,6.49827261819369e-18,0.920449577130329,0.9491478407897234,0.08593601036454457,0.08593601036454457,#0000ff,#FF0000
21,Postmaturity_Baby,"Ascorbic acid, Oral",0.8322606133761218,6.770285356035222e-18,0.7982257063634959,0.867746707548123,0.08584696513076943,0.08584696513076943,#0000ff,#FF0000
22,BPD_OLD_Baby,"Fluoxetine, Oral",1.648574874781771,1.3908375651973537e-17,1.469797026972121,1.8490982549887025,0.0842836179397512,0.0842836179397512,#c9c9c9,#FF0000
23,Postmaturity_Baby,"Calcium, Oral",0.8168040252005158,2.606275238944465e-17,0.7794082826443489,0.8559940026813905,0.08291989860995763,0.08291989860995763,#0000ff,#FF0000
24,Postmaturity_Baby,"Azithromycin, Oral",0.7029279452324796,4.952769814142612e-17,0.6473493962024248,0.7632782220657999,0.08152575927950093,0.08152575927950093,#0000ff,#FF0000
25,LGA_Baby,"Cyanocobalamin, Oral",0.8840943705750062,7.363479151317616e-16,0.8580164220141845,0.9109649139902998,0.07566458469244017,0.07566458469244017,#0000ff,#FF0000
26,LGA_Baby,"Omega-3 fatty acids, Oral",0.7112542613186847,1.0859105794491104e-15,0.6544060905331393,0.7730408252035819,0.07482102967875762,0.07482102967875762,#0000ff,#FF0000
27,Postmaturity_Baby,"Nifedipine, Oral",0.4628074284017835,2.094873200948315e-15,0.3826128963879935,0.5598104972569171,0.07339421129498011,0.07339421129498011,#0000ff,#FF0000
28,TTN_Baby,"Escitalopram, Oral",1.7720397563942636,2.3666490356767524e-15,1.538109048717201,2.041548940148774,0.0731293307069117,0.0731293307069117,#c9c9c9,#FF0000
29,RDS_Baby,"Oxycodone, Oral",1.5717924464489017,2.422602052331618e-15,1.405329373084216,1.757973285146566,0.07307858959598668,0.07307858959598668,#c9c9c9,#FF0000
30,Postmaturity_Baby,"Prenatal Vitamins, Oral",0.7708668963429237,3.5418949381937325e-15,0.7224919949396772,0.8224807693917581,0.07225382162628793,0.07225382162628793,#0000ff,#FF0000
31,TTN_Baby,"Sertraline, Oral",1.4145286132634929,5.602677435235261e-15,1.296663751946633,1.5431072201542426,0.0712580219029486,0.0712580219029486,#c9c9c9,#FF0000
32,LGA_Baby,"Iron, Oral",0.86049220851186,1.9791833305945832e-14,0.8280053259848927,0.8942537175456866,0.06851756987743209,0.06851756987743209,#0000ff,#FF0000
33,Postmaturity_Baby,"Cyanocobalamin, Oral",0.8285023231817357,3.1107298579682906e-14,0.7892322381030719,0.869726382651755,0.06753568851129634,0.06753568851129634,#0000ff,#FF0000
34,RDS_Baby,"Acetaminophen, Oral",1.2474484573114115,5.821777436350549e-14,1.1775228556337298,1.3215264962403896,0.0661747220072071,0.0661747220072071,#c9c9c9,#FF0000
35,Other_Resp_Dis_Baby,"Fluoxetine, Oral",1.557812859671165,9.620219355631642e-14,1.386247545018081,1.7506115083689469,0.06508407512637315,0.06508407512637315,#c9c9c9,#FF0000
36,Hypoglycemia_Baby,"Prenatal Vitamins, Oral",0.7849633162691043,2.022923348196544e-13,0.7358669481964167,0.8373353490035037,0.0634701028651523,0.0634701028651523,#0000ff,#FF0000
37,LGA_Baby,"Fish oil, Oral",0.7403235726363679,2.294216668512788e-13,0.6831378184198506,0.802296370399788,0.06319682784608831,0.06319682784608831,#0000ff,#FF0000
38,TTN_Baby,"Linoleic acid, Oral",0.6605662757511659,3.3879993768731273e-13,0.5907720400026903,0.7386060529502686,0.06235028339108768,0.06235028339108768,#0000ff,#FF0000
39,Jaundice_Baby,"Nifedipine, Oral",1.150134744492571,5.175362400438118e-13,1.1072841513986975,1.1946436050927365,0.06143029616848577,0.06143029616848577,#c9c9c9,#FF0000
40,TTN_Baby,"Fish oil, Oral",0.6648481116811964,6.440415274272903e-13,0.5948436309087393,0.7430911060286154,0.06095543064339457,0.06095543064339457,#0000ff,#FF0000
41,LGA_Baby,"Copper, Oral",0.877836631354023,1.2636005233782269e-12,0.8468160796879742,0.909993527320502,0.05949195101441917,0.05949195101441917,#0000ff,#FF0000
42,LGA_Baby,"Linoleic acid, Oral",0.7531989424551762,3.6866615823112896e-12,0.6953294320494505,0.8158847026559489,0.0571668336334778,0.0571668336334778,#0000ff,#FF0000
43,LGA_Baby,"Cholecalciferol, Oral",0.883601890710117,5.512306487971099e-12,0.8530457778615956,0.9152525239895956,0.056293333216810064,0.056293333216810064,#0000ff,#FF0000
44,TTN_Baby,"Zolpidem, Oral",1.360451640524592,6.423760287367696e-12,1.2460738797365982,1.4853281946631385,0.05596105336901415,0.05596105336901415,#c9c9c9,#FF0000
45,NAS_Baby,"Buprenorphine, Sublingual",5.017386177785247,1.3425506791098036e-11,3.144152604935164,8.006661005422021,0.054360346557034714,0.054360346557034714,#c9c9c9,#FF0000
46,LGA_Baby,"Nifedipine, Oral",0.7254088167122567,1.7342082122272835e-11,0.6606347463920336,0.7965338702478849,0.0538044938076761,0.0538044938076761,#0000ff,#FF0000
47,BPD_OLD_Baby,"Acetaminophen, Oral",1.1655801404204402,3.75243070697289e-11,1.1138377989977744,1.2197261261603567,0.052128436593834065,0.052128436593834065,#c9c9c9,#FF0000
48,Postmaturity_Baby,"Amoxicillin, Oral",0.7371528438652906,4.654882359197882e-11,0.6731576280089678,0.8072319061820781,0.05166045645139042,0.05166045645139042,#0000ff,#FF0000
49,RDS_Baby,"Nitrofurantoin, Oral",1.22612602809141,1.010880500008517e-10,1.152645186748691,1.3042912546261274,0.04997650090480616,0.04997650090480616,#c9c9c9,#FF0000
50,Neonatal_Death_Baby,"Biotin, Oral",1.6128729014439127,1.0567805743339004e-10,1.3950847137367437,1.8646602393372569,0.049880075892453704,0.049880075892453704,#c9c9c9,#FF0000
51,Neonatal_Death_Baby,"Cholecalciferol, Oral",1.4266268396276174,1.1742084120892954e-10,1.2804611063799656,1.5894775166579227,0.04965127406319632,0.04965127406319632,#c9c9c9,#FF0000
52,Other_Resp_Dis_Baby,"Acetaminophen, Oral",1.1600495551294214,1.7979640837570772e-10,1.1083115136092103,1.2142028245954557,0.048726094940049286,0.048726094940049286,#c9c9c9,#FF0000
53,RDS_Baby,"Nifedipine, Oral",1.2522167967042297,2.2124369875359528e-10,1.1681814866251146,1.3422973432649594,0.04827564544802103,0.04827564544802103,#c9c9c9,#FF0000
54,LGA_Baby,"Labetalol, Oral",0.6991281404549843,2.8589118618541076e-10,0.6255260916554966,0.7813905179917515,0.047718996167072314,0.047718996167072314,#0000ff,#FF0000
55,BPD_OLD_Baby,"Escitalopram, Oral",1.4948528252617856,7.360332181004204e-10,1.3153115953797252,1.698901596429724,0.04566551292483312,0.04566551292483312,#c9c9c9,#FF0000
56,Hypoglycemia_Baby,"Linoleic acid, Oral",0.6469169728998971,1.089773525351206e-09,0.5623801685248676,0.7441613222665777,0.04481331873465332,0.04481331873465332,#0000ff,#FF0000
57,Postmaturity_Baby,"Iron, Oral",0.8213955359338155,1.1096894473478924e-09,0.7710188190978972,0.8750637594571266,0.04477399271946142,0.04477399271946142,#0000ff,#FF0000
58,Hypoglycemia_Baby,"Fish oil, Oral",0.6475426720306641,1.170405463359657e-09,0.5629513466908298,0.7448450289095694,0.044658318298129496,0.044658318298129496,#0000ff,#FF0000
59,BPD_OLD_Baby,"Linoleic acid, Oral",0.7707438344815845,1.8209812195205067e-09,0.7080240618038425,0.8390195904895053,0.04369847266613982,0.04369847266613982,#0000ff,#FF0000
60,TTN_Baby,"Cholecalciferol, Oral",0.8675443426125604,2.0165561833867908e-09,0.8281750220972093,0.9087851798441674,0.0434769483679224,0.0434769483679224,#0000ff,#FF0000
61,BPD_OLD_Baby,"Fish oil, Oral",0.7759421300193627,4.178382026411673e-09,0.7129967208870277,0.8444445416101491,0.041894959276568285,0.041894959276568285,#0000ff,#FF0000
62,Postmaturity_Baby,"Copper, Oral",0.8428207537186814,5.523857876663149e-09,0.7957394423548814,0.8926877129487919,0.04128878751956097,0.04128878751956097,#0000ff,#FF0000
63,TTN_Baby,"Omega-3 fatty acids, Oral",0.720560576105674,5.539330705126451e-09,0.6453898966103755,0.8044866313598159,0.041282713530717004,0.041282713530717004,#0000ff,#FF0000
64,BPD_OLD_Baby,"Ascorbic acid, Oral",0.9219431793751748,1.0117097822114384e-08,0.8966614086818037,0.9479377809355864,0.03997472025398421,0.03997472025398421,#0000ff,#FF0000
65,RDS_Baby,"Valaciclovir, Oral",0.753157902875804,2.7220118753023013e-08,0.6815139427590328,0.8323334139986099,0.037825549922175156,0.037825549922175156,#0000ff,#FF0000
66,TTN_Baby,"Biotin, Oral",0.8190679044807944,2.814810471044017e-08,0.7633493775476397,0.8788534475600478,0.03775275421037012,0.03775275421037012,#0000ff,#FF0000
67,Postmaturity_Baby,"Doconexent, Oral",0.8549309311928662,3.0700174975728486e-08,0.8087941207024917,0.9036995675431716,0.03756429574626605,0.03756429574626605,#0000ff,#FF0000
68,Neonatal_Death_Baby,"Ascorbic acid, Oral",1.2712594068439431,3.1520194982704354e-08,1.16764180097515,1.3840721342277544,0.03750705552322671,0.03750705552322671,#c9c9c9,#FF0000
69,Other_Resp_Dis_Baby,"Linoleic acid, Oral",0.7900184342745129,4.7575691200824953e-08,0.7259274801847588,0.8597678742437236,0.03661307446685752,0.03661307446685752,#0000ff,#FF0000
70,Other_Resp_Dis_Baby,"Ascorbic acid, Oral",0.9253101505051998,4.959692577333246e-08,0.8998486543084098,0.9514920876177764,0.036522726210397316,0.036522726210397316,#0000ff,#FF0000
71,LGA_Baby,"Doconexent, Oral",0.9083881640222782,6.287186791705064e-08,0.8773139681666698,0.9405629985125254,0.036007718183057646,0.036007718183057646,#0000ff,#FF0000
72,BPD_OLD_Baby,"Prenatal Vitamins, Oral",0.8938295836496426,6.816590857551938e-08,0.8581219412798322,0.9310230704691456,0.03583216386126778,0.03583216386126778,#0000ff,#FF0000
73,Postmaturity_Baby,"Hydrocodone, Oral",0.6736847729247957,7.048981595059893e-08,0.5835493084757463,0.7777426289069052,0.03575936811688283,0.03575936811688283,#0000ff,#FF0000
74,Other_Resp_Dis_Baby,"Escitalopram, Oral",1.4232644254776083,1.0002429244407021e-07,1.2499245828728047,1.6206430792602828,0.03499947256034082,0.03499947256034082,#c9c9c9,#FF0000
75,Jaundice_Baby,"Niacin, Oral",0.8023652743404585,1.0428126859467516e-07,0.7398360588453329,0.8701793130659333,0.03490896847112441,0.03490896847112441,#0000ff,#FF0000
76,Other_Resp_Dis_Baby,"Fish oil, Oral",0.7963432499379055,1.1783414930702269e-07,0.7319894442198496,0.8663548043340331,0.03464364414594743,0.03464364414594743,#0000ff,#FF0000
77,TTN_Baby,"Copper, Oral",0.8815037701643225,1.6041953885985694e-07,0.8408849679964802,0.9240846565081744,0.03397371368206009,0.03397371368206009,#0000ff,#FF0000
78,BPD_OLD_Baby,"Labetalol, Oral",1.2111777659366254,1.7640688487176337e-07,1.127149031087719,1.3014708261636,0.03376742234535586,0.03376742234535586,#c9c9c9,#FF0000
79,Other_Resp_Dis_Baby,"Calcium, Oral",0.9203878319925458,1.8734277005376939e-07,0.8921149435322877,0.9495567442529672,0.03363681531285998,0.03363681531285998,#0000ff,#FF0000
80,Pneumonia_Baby,"Doconexent, Oral",0.7601657753739408,2.104221587088927e-07,0.6853828943674902,0.843108298731527,0.033384542641548734,0.033384542641548734,#0000ff,#FF0000
81,RDS_Baby,"Ondansetron, Oral",1.2224283105095028,2.1748818440928137e-07,1.1330376050236648,1.3188714723232038,0.033312821661023416,0.033312821661023416,#c9c9c9,#FF0000
82,Other_Resp_Dis_Baby,"Zolpidem, Oral",1.2255019514456298,2.3658267580435242e-07,1.1345432908650717,1.3237529542410895,0.033130085302725536,0.033130085302725536,#c9c9c9,#FF0000
83,BPD_OLD_Baby,"Citalopram, Oral",1.4769627625060482,2.390803347251908e-07,1.2738316114438708,1.7124861576930788,0.03310728072401273,0.03310728072401273,#c9c9c9,#FF0000
84,BPD_OLD_Baby,"Doconexent, Oral",0.905717834836828,3.354905878503104e-07,0.8719118327255901,0.9408345724328364,0.03237159829702803,0.03237159829702803,#0000ff,#FF0000
85,Postmaturity_Baby,"Codeine, Oral",0.6844136942663366,3.558113948902619e-07,0.5914542112771728,0.7919837173663781,0.03224390073855783,0.03224390073855783,#0000ff,#FF0000
86,Postmaturity_Baby,"Fish oil, Oral",0.7061888032846061,3.6389733080148505e-07,0.6176052366923585,0.8074779750174913,0.03219510564982971,0.03219510564982971,#0000ff,#FF0000
87,Jaundice_Baby,"Pantoprazole, Oral",1.1492218537009071,3.765711847824123e-07,1.0891830347186116,1.2125701805160347,0.03212076457625393,0.03212076457625393,#c9c9c9,#FF0000
88,Other_Resp_Dis_Baby,"Prenatal Vitamins, Oral",0.8995305309342279,3.831689761740345e-07,0.8635039501272093,0.9370601905916136,0.032083048307229724,0.032083048307229724,#0000ff,#FF0000
89,Other_Resp_Dis_Baby,"Oxycodone, Oral",1.2704877053571957,3.949389629547425e-07,1.1582130132356865,1.393646065980895,0.03201735009275663,0.03201735009275663,#c9c9c9,#FF0000
90,Postmaturity_Baby,"Linoleic acid, Oral",0.7083042600074126,4.266685694836853e-07,0.6196764106317031,0.8096079117054279,0.03184954674120559,0.03184954674120559,#0000ff,#FF0000
91,Postmaturity_Baby,"Cephalexin, Oral",0.7024350897127325,5.260703184308519e-07,0.6118927797980841,0.806375024432474,0.03139478100484559,0.03139478100484559,#0000ff,#FF0000
92,Sepsis_Baby,"Cyanocobalamin, Oral",0.8916919005843454,5.315143284537727e-07,0.8526211552344771,0.9325530344705788,0.031372425116808496,0.031372425116808496,#0000ff,#FF0000
93,RDS_Baby,"Methyldopa, Oral",1.2791886904213292,6.199896683956339e-07,1.1611542204403615,1.4092216838184235,0.031038077737961557,0.031038077737961557,#c9c9c9,#FF0000
94,Hypoglycemia_Baby,"Iron, Oral",0.8531274700640563,6.482237464296481e-07,0.8013881376849187,0.9082072044146684,0.03094137531734856,0.03094137531734856,#0000ff,#FF0000
95,Other_Resp_Dis_Baby,"Hydrocodone, Oral",1.1795764067412875,7.584794934250684e-07,1.1048456613044089,1.259361871139508,0.030600280782446414,0.030600280782446414,#c9c9c9,#FF0000
96,Postmaturity_Baby,"Ondansetron, Oral",0.7353191341173587,8.81165432770721e-07,0.6504982975686494,0.8312000677327533,0.030274712740603324,0.030274712740603324,#0000ff,#FF0000
97,BPD_OLD_Baby,"Zolpidem, Oral",1.2129489133669396,9.153241233143544e-07,1.1229689452699825,1.3101386931802688,0.03019212545840569,0.03019212545840569,#c9c9c9,#FF0000
98,Other_Resp_Dis_Baby,"Ondansetron, Oral",1.1621965601704365,9.61516669005848e-07,1.0943715514368446,1.2342251063622816,0.030085215911810254,0.030085215911810254,#c9c9c9,#FF0000
99,Other_Resp_Dis_Baby,"Doconexent, Oral",0.9092785212123006,1.064264480972964e-06,0.8751976660063716,0.9446865105465316,0.02986475215929482,0.02986475215929482,#0000ff,#FF0000
100,Jaundice_Baby,"Hydroxyzine, Oral",1.158313252686918,1.07664881759843e-06,1.0918830731046307,1.228785045211136,0.02983962966108876,0.02983962966108876,#c9c9c9,#FF0000
101,Postmaturity_Baby,"Promethazine, Oral",0.6327012745087873,1.0894531377652638e-06,0.5263417202643192,0.7605532439344064,0.029813957229785575,0.029813957229785575,#0000ff,#FF0000
102,Jaundice_Baby,"Insulin Human Isophane (NPH), Subcutaneous",0.8808821661263758,1.0921996349864082e-06,0.8370838760709817,0.9269720905885636,0.029808489864709277,0.029808489864709277,#0000ff,#FF0000
103,RDS_Baby,"Cephalexin, Oral",1.2480201528572112,1.319123633180051e-06,1.140856900528461,1.3652494902877443,0.02939857249424833,0.02939857249424833,#c9c9c9,#FF0000
104,BPD_OLD_Baby,"Hydrocodone, Oral",1.1746417470041242,1.3720902146326458e-06,1.1003548302421218,1.253943905986484,0.029313086664614674,0.029313086664614674,#c9c9c9,#FF0000
105,TTN_Baby,"Iron, Oral",0.8847067534997382,1.5656186729443615e-06,0.8415660902252325,0.930058908954574,0.0290265700377073,0.0290265700377073,#0000ff,#FF0000
106,BPD_OLD_Baby,"Ondansetron, Oral",1.1574535182158028,1.8102041770103013e-06,1.090007921460944,1.229072395212077,0.028711362186571464,0.028711362186571464,#c9c9c9,#FF0000
107,RDS_Baby,"Codeine, Oral",1.2411770672038225,2.314460331606126e-06,1.1347525712887083,1.3575827463454468,0.028177751291757768,0.028177751291757768,#c9c9c9,#FF0000
108,Neonatal_Death_Baby,"Levothyroxine, Oral",1.431613764799177,2.379199742143736e-06,1.233375334802529,1.6617147381908797,0.02811784547945349,0.02811784547945349,#c9c9c9,#FF0000
109,BPD_OLD_Baby,"Calcium, Oral",0.9285166434198272,2.70822981936614e-06,0.9001897347166811,0.9577349350456288,0.027836572421781697,0.027836572421781697,#0000ff,#FF0000
110,BPD_OLD_Baby,"Icosapent, Oral",0.8503645940889218,3.2287296226910232e-06,0.7942738744894081,0.9104163766495128,0.02745484160874783,0.02745484160874783,#0000ff,#FF0000
111,Jaundice_Baby,"Cyanocobalamin, Oral",0.965686327092578,4.277450794810722e-06,0.9514181550840682,0.980168475186552,0.026844074888086964,0.026844074888086964,#0000ff,#FF0000
112,Neonatal_Death_Baby,"Icosapent, Oral",1.5099869339522702,4.55319232563129e-06,1.2660671775861545,1.8009001268429317,0.02670842002410553,0.02670842002410553,#c9c9c9,#FF0000
113,Other_Resp_Dis_Baby,"Citalopram, Oral",1.419244673948119,4.72284907011605e-06,1.2216295496946818,1.6488267208610987,0.026628979665577344,0.026628979665577344,#c9c9c9,#FF0000
114,SGA_Baby,"Azithromycin, Oral",0.8146657665808121,5.413135387858069e-06,0.7457905573694609,0.8899017353875109,0.026332755553197595,0.026332755553197595,#0000ff,#FF0000
115,LGA_Baby,"Valaciclovir, Oral",0.8694303064152843,5.782265080656555e-06,0.81840494715566,0.9236369603342608,0.026189510012628495,0.026189510012628495,#0000ff,#FF0000
116,BPD_OLD_Baby,"Omega-3 fatty acids, Oral",0.8225644761250197,6.278666788037632e-06,0.75571788723499,0.8953239413961839,0.026010662822768826,0.026010662822768826,#0000ff,#FF0000
117,TTN_Baby,"Prenatal Vitamins, Oral",0.8917957096648803,6.616694202614094e-06,0.8484588770849293,0.9373460626743838,0.025896794681312865,0.025896794681312865,#0000ff,#FF0000
118,TTN_Baby,"Calcium, Oral",0.9170888885330188,7.381259118598567e-06,0.8830300717061081,0.9524613673073732,0.02565934774263485,0.02565934774263485,#0000ff,#FF0000
119,Other_Resp_Dis_Baby,"Nifedipine, Oral",1.14873790839271,7.613672100240781e-06,1.081060167297162,1.220652487342757,0.025592029154893847,0.025592029154893847,#c9c9c9,#FF0000
120,RDS_Baby,"Progesterone, Oral",1.5687349194290456,7.738077335883885e-06,1.28780768518372,1.9109446819965008,0.025556834670838288,0.025556834670838288,#c9c9c9,#FF0000
121,Other_Resp_Dis_Baby,"Labetalol, Oral",1.1796032352758783,7.80994714811938e-06,1.0971958447154513,1.2682000204204058,0.025536759525464827,0.025536759525464827,#c9c9c9,#FF0000
122,BPD_OLD_Baby,"Nifedipine, Oral",1.147471111537647,8.311629968292208e-06,1.080115800639874,1.2190266553210498,0.02540156899851642,0.02540156899851642,#c9c9c9,#FF0000
123,LGA_Baby,"Biotin, Oral",0.8886562343511956,8.348802065980998e-06,0.8436933639694831,0.9360153067173008,0.02539187917555026,0.02539187917555026,#0000ff,#FF0000
124,Postmaturity_Baby,"Terconazole, Vaginal",0.7557014623842422,1.051276412759998e-05,0.667175217645345,0.8559740906822134,0.024891415398196948,0.024891415398196948,#0000ff,#FF0000
125,TTN_Baby,"Doconexent, Oral",0.9018759285086582,1.134209721208518e-05,0.8612336138224231,0.9444361870797398,0.02472653317367752,0.02472653317367752,#0000ff,#FF0000
126,TTN_Baby,"Ibuprofen, Oral",1.4433897918212804,1.1590130512284535e-05,1.225029326665274,1.7006728294457707,0.024679558367875783,0.024679558367875783,#c9c9c9,#FF0000
127,BPD_OLD_Baby,"Promethazine, Oral",1.18952681444112,1.4907911078483808e-05,1.0996554302083523,1.2867431046162725,0.024132916031777394,0.024132916031777394,#c9c9c9,#FF0000
128,Jaundice_Baby,"Iron, Oral",0.9593972081397388,1.7570243276926225e-05,0.9414152876040972,0.9777226003296096,0.023776111126190234,0.023776111126190234,#0000ff,#FF0000
129,BPD_OLD_Baby,"Valaciclovir, Oral",0.859453209356675,1.8362449322740244e-05,0.8019141293545163,0.9211208432853742,0.02368034694889738,0.02368034694889738,#0000ff,#FF0000
130,BPD_OLD_Baby,"Fluconazole, Oral",1.171410009503101,1.837969071713458e-05,1.089612234485349,1.25934838737579,0.02367830900473102,0.02367830900473102,#c9c9c9,#FF0000
131,Pneumonia_Baby,"Cholecalciferol, Oral",0.8062185369401819,1.920315103963385e-05,0.7303880267804341,0.8899219393986093,0.023583137510950373,0.023583137510950373,#0000ff,#FF0000
132,LGA_Baby,"Docusate, Oral",0.8853520814658903,2.1039255285280755e-05,0.8370435580111822,0.9364486479274868,0.023384848183622183,0.023384848183622183,#0000ff,#FF0000
133,Other_Resp_Dis_Baby,"Icosapent, Oral",0.8624490073902349,2.160992020127824e-05,0.8055245892465057,0.9233961325056198,0.023326734184141985,0.023326734184141985,#0000ff,#FF0000
134,Sepsis_Baby,"Calcium, Oral",0.9105344709283896,2.201655916074644e-05,0.8719587951764353,0.9508167442488896,0.023286252767026942,0.023286252767026942,#0000ff,#FF0000
135,Postmaturity_Baby,"Omega-3 fatty acids, Oral",0.7597340210456455,2.564670526968161e-05,0.6684837222409146,0.8634402955980577,0.022954842095275957,0.022954842095275957,#0000ff,#FF0000
136,RDS_Baby,"Labetalol, Oral",1.2018828451159589,2.5686829620657448e-05,1.1032417167483188,1.3093435023845907,0.022951447474624017,0.022951447474624017,#c9c9c9,#FF0000
137,NAS_Baby,"Promethazine, Oral",2.2268162049961,2.768469921632467e-05,1.5314900131317777,3.237833984103532,0.02278880095284983,0.02278880095284983,#c9c9c9,#FF0000
138,BPD_OLD_Baby,"Caffeine, Oral",1.2536474217973586,3.27158726347458e-05,1.1268088595217678,1.3947634906297994,0.0224262074560883,0.0224262074560883,#c9c9c9,#FF0000
139,RDS_Baby,"Fluconazole, Oral",1.2196437082724243,3.344483301058081e-05,1.1104359910461767,1.3395916442937523,0.02237835484065038,0.02237835484065038,#c9c9c9,#FF0000
140,Other_Resp_Dis_Baby,"Promethazine, Oral",1.18189671506855,3.3671822910926e-05,1.0921382891733586,1.2790320227185972,0.022363666856621188,0.022363666856621188,#c9c9c9,#FF0000
141,Arrhythmia_Baby,"Prenatal Vitamins, Oral",0.8113775516823709,3.450286677660771e-05,0.734958602460419,0.895742330479808,0.02231072409368627,0.02231072409368627,#0000ff,#FF0000
142,Postmaturity_Baby,"Docusate, Oral",0.8158860494939023,3.487271616990883e-05,0.74094089790514,0.8984117999705692,0.02228757112465395,0.02228757112465395,#0000ff,#FF0000
143,Pneumonia_Baby,"Acetaminophen, Oral",1.251730857051586,3.820012108771993e-05,1.124868493108875,1.3929007240346325,0.022089676302241817,0.022089676302241817,#c9c9c9,#FF0000
144,RDS_Baby,"Promethazine, Oral",1.2311774735252006,3.920127787799296e-05,1.1149906204870343,1.3594714999968225,0.022033498878377907,0.022033498878377907,#c9c9c9,#FF0000
145,ROP_Baby,"Levothyroxine, Oral",0.7281084538967236,4.160855028749154e-05,0.6255959732548534,0.8474190105119325,0.02190408707750136,0.02190408707750136,#0000ff,#FF0000
146,Jaundice_Baby,"Hydrocodone, Oral",1.0754228105937276,4.230670098446492e-05,1.0386347558008708,1.1135138845354078,0.02186795419502904,0.02186795419502904,#c9c9c9,#FF0000
147,Postmaturity_Baby,"Pantothenic acid, Oral",0.7648516001984704,4.616355062130116e-05,0.6723116235114956,0.8701291928744381,0.021678503976304987,0.021678503976304987,#0000ff,#FF0000
148,TTN_Baby,"Bupropion, Oral",1.3425602287979808,6.359905215513863e-05,1.1620702460250318,1.5510834858009608,0.020982746783932492,0.020982746783932492,#c9c9c9,#FF0000
149,Jaundice_Baby,"Fish oil, Oral",0.927397663559082,6.411262495563935e-05,0.8937481400348145,0.962314088106904,0.020965282207422584,0.020965282207422584,#0000ff,#FF0000
150,BPD_OLD_Baby,"Oxycodone, Oral",1.2094006605420873,6.877548427813362e-05,1.1013190889227953,1.3280891727303672,0.020812831714354742,0.020812831714354742,#c9c9c9,#FF0000
151,Hypoglycemia_Baby,"Copper, Oral",0.8898434666194206,6.938479483217073e-05,0.8401228788055942,0.9425066440411708,0.02079367845781134,0.02079367845781134,#0000ff,#FF0000
152,UTI_Baby,"Amoxicillin, Oral",1.305610872973131,7.153022084127661e-05,1.1445996690770437,1.4892715747508416,0.020727552170597803,0.020727552170597803,#c9c9c9,#FF0000
153,Other_Resp_Dis_Baby,"Valaciclovir, Oral",0.8690882135388087,7.360192270427972e-05,0.8108435297333961,0.931516741781764,0.020665554202160857,0.020665554202160857,#0000ff,#FF0000
154,SGA_Baby,"Terconazole, Vaginal",0.7344891527787535,8.534478438518895e-05,0.629695577488422,0.8567224145060318,0.020344115072332872,0.020344115072332872,#0000ff,#FF0000
155,LGA_Baby,"Terbutaline, Oral",0.7631191597125846,8.918855511029348e-05,0.6665974137446858,0.873617028678554,0.020248454358799996,0.020248454358799996,#0000ff,#FF0000
156,NAS_Baby,"Zolpidem, Oral",2.104515534735693,8.922743494144221e-05,1.4504513456225083,3.0535223737842903,0.020247507958402387,0.020247507958402387,#c9c9c9,#FF0000
157,TTN_Baby,"Folic acid, Oral",0.9244747319437396,9.73667473518668e-05,0.8886740780378557,0.9617176320586264,0.02005794668928914,0.02005794668928914,#0000ff,#FF0000
158,Arrhythmia_Baby,"Azithromycin, Oral",0.7975704406154048,0.0001003584180398,0.7116593933757578,0.8938526121688933,0.0199922309656632,0.0199922309656632,#0000ff,#FF0000
159,Hypoglycemia_Baby,"Folic acid, Oral",0.9077945980904624,0.0001004520885846,0.8646036063585909,0.9531431817558664,0.019990205145184087,0.019990205145184087,#0000ff,#FF0000
160,SGA_Baby,"Labetalol, Oral",1.26266968935507,0.0001040810124354,1.1223679369112571,1.4205098809251613,0.01991314245939564,0.01991314245939564,#c9c9c9,#FF0000
161,Postmaturity_Baby,"Sertraline, Oral",0.7338745900133544,0.0001043601249659,0.6276900996831609,0.8580219986568591,0.01990732704763063,0.01990732704763063,#0000ff,#FF0000
162,SGA_Baby,"Linoleic acid, Oral",0.7299208755481835,0.0001146105722097,0.6220210925371157,0.8565376495319341,0.019703876595937416,0.019703876595937416,#0000ff,#FF0000
163,Jaundice_Baby,"Lamotrigine, Oral",0.7525162329810967,0.0001220532760279,0.6509099479845454,0.8699831407608252,0.01956725279603342,0.01956725279603342,#0000ff,#FF0000
164,TTN_Baby,"Labetalol, Oral",1.1940193026499315,0.0001230267399213,1.0906975792379214,1.3071286874009231,0.019550002420927807,0.019550002420927807,#c9c9c9,#FF0000
165,Other_Resp_Dis_Baby,"Omega-3 fatty acids, Oral",0.8477150058385631,0.0001230649873955,0.7791615240227138,0.9223000738200288,0.01954932744223971,0.01954932744223971,#0000ff,#FF0000
166,Jaundice_Baby,"Linoleic acid, Oral",0.9303392114385676,0.0001290010187303,0.8965756851496639,0.965374215112307,0.019447034300162636,0.019447034300162636,#0000ff,#FF0000
167,Other_Resp_Dis_Baby,"Butalbital, Oral",1.2320664757338742,0.0001291509096958,1.107209166183066,1.371003643205303,0.019444512652274273,0.019444512652274273,#c9c9c9,#FF0000
168,Sepsis_Baby,"Copper, Oral",0.9009551756314736,0.0001317579957579,0.8540463825089578,0.9504404504501556,0.01940111510038097,0.01940111510038097,#0000ff,#FF0000
169,Jaundice_Baby,"Cholecalciferol, Oral",0.966720841797108,0.0001361678876861,0.9500567255768192,0.9836772487427052,0.019329626497544095,0.019329626497544095,#0000ff,#FF0000
170,Other_Resp_Dis_Baby,"Fluconazole, Oral",1.1525681148621767,0.0001376751304475,1.0714277463606614,1.2398533302028043,0.019305722516757367,0.019305722516757367,#c9c9c9,#FF0000
171,Postmaturity_Baby,"Zolpidem, Oral",0.7318687912343188,0.0001381624422112,0.6233333708228191,0.8593025059379258,0.019298049993102178,0.019298049993102178,#0000ff,#FF0000
172,Hypoglycemia_Baby,"Calcium, Oral",0.9152189463665312,0.0001793184113431,0.8737697211561273,0.9586344084800288,0.018731875586929445,0.018731875586929445,#0000ff,#FF0000
173,Arrhythmia_Baby,"Ascorbic acid, Oral",0.882186704238449,0.0001873014210274,0.8260328138645103,0.9421579482951984,0.018637294638430345,0.018637294638430345,#0000ff,#FF0000
174,BPD_OLD_Baby,"Butalbital, Oral",1.2247928824128078,0.0001919365662785,1.100986122765388,1.3625218100307863,0.01858421139468737,0.01858421139468737,#c9c9c9,#FF0000
175,Sepsis_Baby,"Iron, Oral",0.896869090657448,0.000198339722218,0.8468974538828797,0.9497893305603882,0.01851295149673706,0.01851295149673706,#0000ff,#FF0000
176,Hypoglycemia_Baby,"Terconazole, Vaginal",0.7950108584570315,0.0002041071197987,0.7043619500755005,0.8973259628758163,0.018450709228370728,0.018450709228370728,#0000ff,#FF0000
177,TTN_Baby,"Lauric acid, Oral",0.7100220783192381,0.000210091073694,0.5924164058892332,0.8509746635798434,0.018387961997080027,0.018387961997080027,#0000ff,#FF0000
178,SGA_Baby,"Fish oil, Oral",0.741337385490566,0.0002168563724511,0.6326059290811235,0.8687574584137536,0.018319139056654124,0.018319139056654124,#0000ff,#FF0000
179,Jaundice_Baby,"Terconazole, Vaginal",0.935350735061757,0.0002652083939714,0.9023522785373638,0.9695559244319488,0.01788206367211744,0.01788206367211744,#0000ff,#FF0000
180,RDS_Baby,"Sertraline, Oral",1.2070105617895648,0.0002751498366475,1.0906490890196248,1.3357866530481706,0.017802153703435675,0.017802153703435675,#c9c9c9,#FF0000
181,RDS_Baby,"Hydrocodone, Oral",1.169025493422369,0.000282631216172,1.0745106092865533,1.271853988653321,0.017743899363489267,0.017743899363489267,#c9c9c9,#FF0000
182,Neonatal_Death_Baby,"Valaciclovir, Oral",1.3981733380272707,0.0002952947826071,1.166103790970398,1.6764276887767589,0.017648721131327056,0.017648721131327056,#c9c9c9,#FF0000
183,Jaundice_Baby,"Valaciclovir, Oral",0.9461477224118436,0.0002993815280616,0.9181792850775534,0.9749680995574922,0.01761887499639102,0.01761887499639102,#0000ff,#FF0000
184,Arrhythmia_Baby,"Calcium, Oral",0.8739387476152771,0.0003164664389883,0.8121456479522802,0.9404334512031224,0.01749836169892845,0.01749836169892845,#0000ff,#FF0000
185,Jaundice_Baby,"Guaifenesin, Oral",1.1436126105960087,0.0003177887524435,1.0630482161920305,1.2302826750409286,0.017489307389610555,0.017489307389610555,#c9c9c9,#FF0000
186,BPD_OLD_Baby,"Iron, Oral",0.928427961380254,0.0003230673266562,0.8915999026876973,0.9667772247106464,0.0174535348101971,0.0174535348101971,#0000ff,#FF0000
187,Postmaturity_Baby,"Terbutaline, Oral",0.6509358734607884,0.0003548797139888,0.5142960978671353,0.8238785266218839,0.017249594127727034,0.017249594127727034,#0000ff,#FF0000
188,IVH_Baby,"Calcium, Oral",1.2136682596401585,0.0003988964466324,1.090304238109094,1.3509904785957425,0.016995699161830274,0.016995699161830274,#c9c9c9,#FF0000
189,Arrhythmia_Baby,"Folic acid, Oral",0.8710858715520411,0.0004635397856886,0.8063158280052325,0.9410587877144524,0.016669564921799367,0.016669564921799367,#0000ff,#FF0000
190,Jaundice_Baby,"Hydrocortisone, Topical application",0.8709593865437593,0.0004842855681445,0.8059244290936451,0.9412424113533588,0.016574492364333643,0.016574492364333643,#0000ff,#FF0000
191,LGA_Baby,"Hydrocodone, Oral",0.8808840220994747,0.000525792377708,0.8199408726878646,0.9463568486913804,0.01639592857025963,0.01639592857025963,#0000ff,#FF0000
192,Sepsis_Baby,"Ascorbic acid, Oral",0.9342940717683336,0.0005324848636078,0.8990467029605951,0.9709233231899314,0.016368463664751653,0.016368463664751653,#0000ff,#FF0000
193,TTN_Baby,"Citalopram, Oral",1.3748047640989014,0.0005366714846893,1.1480800019761512,1.6463035120685765,0.01635145739873797,0.01635145739873797,#c9c9c9,#FF0000
194,Postmaturity_Baby,"Metronidazole, Oral",0.7529174322144605,0.0005563374412451,0.6408678680402765,0.8845577817248123,0.016273308556318086,0.016273308556318086,#0000ff,#FF0000
195,Jaundice_Baby,"Ascorbic acid, Oral",0.977497364489578,0.0005770984778038,0.9649113459485714,0.9902475513382532,0.01619375035607999,0.01619375035607999,#0000ff,#FF0000
196,Jaundice_Baby,"Human Rho(D) immune globulin, Intramuscular",0.8228670306927274,0.0005994952208477,0.7361621408861081,0.9197839886007152,0.016111071373649227,0.016111071373649227,#0000ff,#FF0000
197,Other_Resp_Dis_Baby,"Caffeine, Oral",1.2087750158512538,0.000602464202903,1.0846726167827407,1.3470765430403262,0.016100343764043935,0.016100343764043935,#c9c9c9,#FF0000
198,Other_Resp_Dis_Baby,"Glyburide, Oral",1.1493630845648777,0.0006852196597584,1.0606182856153648,1.2455334007314731,0.015820850925540055,0.015820850925540055,#c9c9c9,#FF0000
199,LGA_Baby,"Acetaminophen, Oral",0.9186568992134164,0.0006947601955634,0.8747024671592595,0.9648200732909932,0.015790825356294263,0.015790825356294263,#0000ff,#FF0000
200,Neonatal_Death_Baby,"Fish oil, Oral",0.5503087088505294,0.0007052226274824,0.3895169618752242,0.777474936081851,0.015758368807777562,0.015758368807777562,#0000ff,#FF0000
201,Neonatal_Death_Baby,"Linoleic acid, Oral",0.5514259783253901,0.000734009709145,0.3903282675712026,0.7790125256983746,0.015671490976984975,0.015671490976984975,#0000ff,#FF0000
202,Jaundice_Baby,"Pertussis Vac, Acellular, Intramuscular",1.1805830970003968,0.0007578623560875,1.0718590961884815,1.3003355141354878,0.015602048321574658,0.015602048321574658,#c9c9c9,#FF0000
203,BPD_OLD_Baby,"Glyburide, Oral",1.1472627302218676,0.0008233888584452,1.0585274525529793,1.2434365957932088,0.015421975069425881,0.015421975069425881,#c9c9c9,#FF0000
204,Neonatal_Death_Baby,"Iron, Oral",0.774139434794786,0.0008258976942502,0.6662756576296837,0.8994653453743279,0.015415368731765904,0.015415368731765904,#0000ff,#FF0000
205,Jaundice_Baby,"Influenza Virus Vaccine (Subvirion), Intramuscular",1.167866656470968,0.0008340749622458,1.066253397284002,1.2791635935424763,0.015393974577586535,0.015393974577586535,#c9c9c9,#FF0000
206,Sepsis_Baby,"Oxycodone, Oral",1.2461796788072164,0.0008817073892491,1.0945930030470767,1.4187591073111092,0.015273377597690761,0.015273377597690761,#c9c9c9,#FF0000
207,Other_Resp_Dis_Baby,"Iron, Oral",0.933538345842421,0.0008960049933363,0.8964096952811419,0.9722048386423088,0.015238447850281122,0.015238447850281122,#0000ff,#FF0000
208,Hypoglycemia_Baby,"Levothyroxine, Oral",1.1221466454905509,0.0009430861564753,1.048060707048465,1.2014696148011073,0.015127243150456484,0.015127243150456484,#c9c9c9,#FF0000
209,Jaundice_Baby,"Copper, Oral",0.9706071341660104,0.0009607823439139,0.9535694919457094,0.9879491918011066,0.015086874932330607,0.015086874932330607,#0000ff,#FF0000
210,LGA_Baby,"Enoxaparin, Subcutaneous",0.7945213986012156,0.0009799163512965,0.6929591231114718,0.9109689616333754,0.015044054977256133,0.015044054977256133,#0000ff,#FF0000
211,Jaundice_Baby,"Reduced Diphtheria Toxoid, Intramuscular",1.1758227641213237,0.0010222941302579,1.0674913104444774,1.2951479408766768,0.014952120664010868,0.014952120664010868,#c9c9c9,#FF0000
212,Arrhythmia_Baby,"Iron, Oral",0.848776203526636,0.0010258433700553,0.769638654386972,0.936051015066174,0.014944594720065818,0.014944594720065818,#0000ff,#FF0000
213,LGA_Baby,"Glyburide, Oral",1.1398830353036784,0.0010597283832012,1.0539570777356793,1.2328142783239464,0.014874027167982171,0.014874027167982171,#c9c9c9,#FF0000
214,BPD_OLD_Baby,"Insulin lispro, Injection",1.2875838563891433,0.0010967550230634,1.106284338701609,1.4985950078437345,0.014799451839396389,0.014799451839396389,#c9c9c9,#FF0000
215,LGA_Baby,"Pantothenic acid, Oral",0.8896166803781121,0.001106197433135,0.8292430710899013,0.954385831607596,0.014780836768100304,0.014780836768100304,#0000ff,#FF0000
216,BPD_OLD_Baby,"Nystatin, Topical application",1.2226432917577126,0.0011176391739445,1.0834262603218612,1.3797492950152852,0.01475849192168408,0.01475849192168408,#c9c9c9,#FF0000
217,TTN_Baby,"Methyldopa, Oral",0.8272565851749047,0.0011245044499982,0.7380473443051008,0.9272487232639376,0.014745194107963272,0.014745194107963272,#0000ff,#FF0000
218,Jaundice_Baby,"Levothyroxine, Oral",1.040769534075768,0.001176270440269,1.0159471463857956,1.0661984010819368,0.014647464083417884,0.014647464083417884,#c9c9c9,#FF0000
219,Other_Resp_Dis_Baby,"Cyanocobalamin, Oral",0.9491884392370888,0.001274001892544,0.919548852460936,0.9797833913556158,0.014474149634254498,0.014474149634254498,#0000ff,#FF0000
220,RDS_Baby,"Metronidazole, Oral",1.177857662509805,0.0014329942993288,1.0650850420453628,1.3025707979795038,0.014218777686446528,0.014218777686446528,#c9c9c9,#FF0000
221,RDS_Baby,"Indomethacin, Oral",1.4827572306450716,0.0015415028522271,1.161961081723614,1.8921193141589203,0.014060278336830262,0.014060278336830262,#c9c9c9,#FF0000
222,RDS_Baby,"Butalbital, Oral",1.2401374555560702,0.0016309400323061,1.084720188823379,1.4178227016695657,0.013937810035746947,0.013937810035746947,#c9c9c9,#FF0000
223,Postmaturity_Baby,"Glyburide, Oral",0.696738492268585,0.0017932400609842,0.555349126363974,0.8741249487273748,0.013731807837794228,0.013731807837794228,#0000ff,#FF0000
224,IVH_Baby,"Cyanocobalamin, Oral",1.1925301131418162,0.0018292465635228,1.0675298109774634,1.332167079669549,0.013688638760861904,0.013688638760861904,#c9c9c9,#FF0000
225,BPD_OLD_Baby,"Nitrofurantoin, Oral",1.0824623294730833,0.0018804950223016,1.029709720237146,1.137917484607644,0.013628639059120191,0.013628639059120191,#c9c9c9,#FF0000
226,Hypoglycemia_Baby,"Methyldopa, Oral",0.8253229594977503,0.002020976551858,0.730617344875989,0.932304704030454,0.013472193626529756,0.013472193626529756,#0000ff,#FF0000
227,Jaundice_Baby,"Azithromycin, Oral",1.0338117008782763,0.0023743301393206,1.0118761390651876,1.0562227842038103,0.013122294472996563,0.013122294472996563,#c9c9c9,#FF0000
228,TTN_Baby,"Lamotrigine, Oral",1.4570782885192088,0.0023983646361721,1.1427158991003614,1.857922113926589,0.013100423940550493,0.013100423940550493,#c9c9c9,#FF0000
229,Hypoglycemia_Baby,"Insulin lispro, Injection",1.303081332121182,0.0025703620448387,1.097059562060208,1.5477928608852731,0.012950028502017392,0.012950028502017392,#c9c9c9,#FF0000
230,Hypoglycemia_Baby,"Insulin Human Isophane (NPH), Subcutaneous",0.8390659434447371,0.0027313411843215,0.7480861934991846,0.941110347399526,0.012818120233806683,0.012818120233806683,#0000ff,#FF0000
231,TTN_Baby,"Cyanocobalamin, Oral",0.9431355973190104,0.0027716385776986,0.9076500098627528,0.980008533316482,0.012786317012337125,0.012786317012337125,#0000ff,#FF0000
232,LGA_Baby,"Ondansetron, Oral",0.9029620179947448,0.002847586838384,0.8444024305915765,0.9655827321220828,0.012727615115250564,0.012727615115250564,#0000ff,#FF0000
233,RDS_Baby,"Caffeine, Oral",1.2273235281051158,0.0029940592190281,1.07206338059142,1.4050690191557544,0.012618698070327583,0.012618698070327583,#c9c9c9,#FF0000
234,Postmaturity_Baby,"Icosapent, Oral",0.8614808049203586,0.0030356599619269,0.7805987373798948,0.9507435020165124,0.012588734386757363,0.012588734386757363,#0000ff,#FF0000
235,Other_Resp_Dis_Baby,"Nitrofurantoin, Oral",1.0787307269459598,0.0030643265180931,1.0259556348357468,1.1342205664123657,0.012568324802490219,0.012568324802490219,#c9c9c9,#FF0000
236,ROP_Baby,"Doconexent, Oral",1.1617263261479394,0.0032260652121876,1.051430741567382,1.28359196997922,0.012456634289808161,0.012456634289808161,#c9c9c9,#FF0000
237,ROP_Baby,"Prenatal Vitamins, Oral",1.1743568427200566,0.0032600708929016,1.0551168924015697,1.307072234342107,0.01243386477870753,0.01243386477870753,#c9c9c9,#FF0000
238,RDS_Baby,"Fluoxetine, Oral",1.2723623988672532,0.0034536346382743,1.0826654944896996,1.4952966380574284,0.012308618042838466,0.012308618042838466,#c9c9c9,#FF0000
239,Seizures_Baby,"Prenatal Vitamins, Oral",0.7546724330537443,0.0034548452661188,0.6249161392413995,0.9113710551668976,0.012307856994090894,0.012307856994090894,#0000ff,#FF0000
240,Jaundice_Baby,"Metoprolol, Oral",1.1678438218252802,0.0035629224247909,1.0521288213108697,1.2962853640642753,0.012240968167015637,0.012240968167015637,#c9c9c9,#FF0000
241,BPD_OLD_Baby,"Pantoprazole, Oral",1.1640694262448978,0.0036228063738929,1.050821800593359,1.289521808886127,0.012204774384198005,0.012204774384198005,#c9c9c9,#FF0000
242,Other_Resp_Dis_Baby,"Pantoprazole, Oral",1.1646023687740703,0.0036386067156337,1.0509282744174546,1.2905720688750075,0.012195324416298592,0.012195324416298592,#c9c9c9,#FF0000
243,TTN_Baby,"Acetaminophen, Oral",1.086913298840244,0.0036468009991705,1.0275268352813751,1.1497320348546187,0.012190439674410183,0.012190439674410183,#c9c9c9,#FF0000
244,Anemia_All_Baby,"Valaciclovir, Oral",0.7973119263779583,0.0037268042296902,0.6841527001221474,0.9291877497977178,0.012143317101428472,0.012143317101428472,#0000ff,#FF0000
245,BPD_OLD_Baby,"Progesterone, Oral",1.292423999410518,0.0039881770101881,1.085338688338396,1.5390217009673943,0.011996127871608935,0.011996127871608935,#c9c9c9,#FF0000
246,Other_Resp_Dis_Baby,"Nystatin, Topical application",1.1968008344805046,0.003992979513428,1.0590121594397282,1.3525172724843966,0.011993514590060116,0.011993514590060116,#c9c9c9,#FF0000
247,Hypoglycemia_Baby,"Labetalol, Oral",1.1508252696378256,0.004049523813217,1.045700263979211,1.2665185683297329,0.011962980214113,0.011962980214113,#c9c9c9,#FF0000
248,BPD_OLD_Baby,"Cephalexin, Oral",1.1078191542580165,0.0045679838209147,1.032135136335918,1.1890529014424742,0.01170137721481357,0.01170137721481357,#c9c9c9,#FF0000
249,BPD_OLD_Baby,"Methyldopa, Oral",1.1274233860092446,0.0046537840308489,1.0375622846279595,1.2250671696073887,0.011660968874892891,0.011660968874892891,#c9c9c9,#FF0000
250,BPD_OLD_Baby,"Bupropion, Oral",1.1987686677899263,0.0046890027804032,1.057208601226854,1.3592836051534125,0.011644597548703483,0.011644597548703483,#c9c9c9,#FF0000
251,BPD_OLD_Baby,"Cyanocobalamin, Oral",0.9564301507254944,0.0055807501257389,0.9267685199891548,0.9870411148918792,0.011266537111428667,0.011266537111428667,#0000ff,#FF0000
252,Jaundice_Baby,"Calcium carbonate, Oral",0.8947216890325165,0.005643154710727,0.8269458204906935,0.968052417690656,0.011242390215516717,0.011242390215516717,#0000ff,#FF0000
253,Neonatal_Death_Baby,"Prenatal Vitamins, Oral",0.8162271142842842,0.005956744725276,0.7062540900249125,0.9433243807046124,0.011124955055389192,0.011124955055389192,#0000ff,#FF0000
254,Jaundice_Baby,"Methylprednisolone, Oral",1.1228598129456837,0.0060287594739536,1.0337329358724636,1.2196710734231344,0.011098860212965866,0.011098860212965866,#c9c9c9,#FF0000
255,Anemia_All_Baby,"Nifedipine, Oral",1.153196996362813,0.0062964249674097,1.0410994059893113,1.2773643945714317,0.011004529838146045,0.011004529838146045,#c9c9c9,#FF0000
256,Other_Resp_Dis_Baby,"Insulin lispro, Injection",1.2363895219561754,0.0063771672501127,1.061545699591358,1.4400313152711903,0.01097686096442193,0.01097686096442193,#c9c9c9,#FF0000
257,Neonatal_Death_Baby,"Folic acid, Oral",0.85221940735714,0.0069342123987044,0.7588179304861957,0.9571174969611072,0.010795014298996226,0.010795014298996226,#0000ff,#FF0000
258,Pneumonia_Baby,"Ascorbic acid, Oral",0.9097970034611996,0.0079341537584648,0.8484672048008973,0.9755599071165216,0.01050249693725378,0.01050249693725378,#0000ff,#FF0000
259,Hypoglycemia_Baby,"Insulin aspart, Injection",1.2893301736072904,0.0083323118115549,1.0675194652452655,1.5572290255075312,0.01039617243131718,0.01039617243131718,#c9c9c9,#FF0000
260,Other_Resp_Dis_Baby,"Bupropion, Oral",1.184231764298821,0.0087120923914214,1.0436774523920187,1.3437148310142246,0.010299387637753758,0.010299387637753758,#c9c9c9,#FF0000
