,Disease,Medication,odds ratio,p-val,weight,weight_modi,color,color_clicked,95% CI (LL),95% CI (UL)
0,Postmaturity_Baby,"Azithromycin, Oral",0.1502857056789369,1.1320428621225505e-118,3.9315379043101397,3.9315379043101397,#0000ff,#FF0000,0.1280162036447811,0.1764291760602978
1,Postmaturity_Baby,"Amoxicillin, Oral",0.1201364122946344,1.2110834185336642e-108,3.59722753139809,3.59722753139809,#0000ff,#FF0000,0.0995896157523517,0.1449223139379927
2,Postmaturity_Baby,"Acetaminophen, Oral",0.0239277426820475,5.690153248240176e-105,3.4748292012316537,3.4748292012316537,#0000ff,#FF0000,0.0170953880379295,0.0334907209235609
3,Postmaturity_Baby,"Pertussis Vac, Acellular, Intramuscular",6.4946737554861045,9.604402085386155e-76,2.5005843222209125,2.5005843222209125,#c9c9c9,#FF0000,5.32210732153207,7.925579970840843
4,Postmaturity_Baby,"Reduced Diphtheria Toxoid, Intramuscular",6.426048600221176,1.1378428029921178e-75,2.4981305911038527,2.4981305911038527,#c9c9c9,#FF0000,5.271307829026941,7.833748654368991
5,Postmaturity_Baby,"Terconazole, Vaginal",0.0672115396101923,1.7035707767631394e-67,2.2256213272822927,2.2256213272822927,#0000ff,#FF0000,0.0495505898438987,0.0911672509046566
6,Postmaturity_Baby,"Ondansetron, Oral",0.0677113620940473,2.0980656967310902e-67,2.2226060305622153,2.2226060305622153,#0000ff,#FF0000,0.049950378971635,0.0917876630973059
7,Postmaturity_Baby,"Pantothenic acid, Oral",0.0674333093204523,4.373985019150631e-65,2.1453040902916514,2.1453040902916514,#0000ff,#FF0000,0.0494476222339286,0.0919609679995431
8,Postmaturity_Baby,"Cephalexin, Oral",0.0341610552743905,4.719095284580844e-57,1.877538041786881,1.877538041786881,#0000ff,#FF0000,0.022540933249955,0.0517714898721991
9,Postmaturity_Baby,"Omega-3 fatty acids, Oral",0.092369770832336,3.9666123579620656e-56,1.846719341313696,1.846719341313696,#0000ff,#FF0000,0.0687196589773506,0.124159151698212
10,Postmaturity_Baby,"Docusate, Oral",0.253621242040131,4.6334120799108235e-56,1.8444699691135036,1.8444699691135036,#0000ff,#FF0000,0.2138740522140407,0.3007552049820651
11,NAS_Baby,"Acetaminophen, Oral",4.451778461708215,8.916205885919012e-55,1.801660663723134,1.801660663723134,#c9c9c9,#FF0000,3.689647745332645,5.371334295312901
12,Postmaturity_Baby,"Linoleic acid, Oral",0.0378574923365356,1.066321065100368e-51,1.6990704003749997,1.6990704003749997,#0000ff,#FF0000,0.0247704133405505,0.0578589346211934
13,Hypoglycemia_Baby,"Glyburide, Oral",1.946823754855508,1.6118399794095338e-51,1.6930892692123427,1.6930892692123427,#c9c9c9,#FF0000,1.7855544847537932,2.122658683805054
14,Postmaturity_Baby,"Fish oil, Oral",0.0408090698703512,3.51679998349726e-51,1.6817950777098183,1.6817950777098183,#0000ff,#FF0000,0.0269042319435532,0.0619003057651778
15,Postmaturity_Baby,"Sertraline, Oral",0.0581817974592775,9.86654320666398e-49,1.6001944992650423,1.6001944992650423,#0000ff,#FF0000,0.0397897491857563,0.0850752172321856
16,Postmaturity_Baby,"Hydrocodone, Oral",0.0229062330597746,1.4237499361132305e-45,1.4948855427466863,1.4948855427466863,#0000ff,#FF0000,0.0135859836171544,0.0386203551965277
17,TTN_Baby,"Fluoxetine, Oral",2.323373452913133,2.9531171367509617e-43,1.4176573108734225,1.4176573108734225,#c9c9c9,#FF0000,2.061011403878233,2.6191335921498946
18,Postmaturity_Baby,"Zolpidem, Oral",0.0501045840364036,3.3007614484086785e-43,1.416046195390983,1.416046195390983,#0000ff,#FF0000,0.0327322442816591,0.0766971344787294
19,Postmaturity_Baby,"Codeine, Oral",0.0235732579895947,1.5283188886049314e-42,1.3938595339792685,1.3938595339792685,#0000ff,#FF0000,0.0137742048784374,0.0403434170718557
20,NAS_Baby,"Oxycodone, Oral",6.451127249894384,1.565639141501921e-40,1.3268436109902368,1.3268436109902368,#c9c9c9,#FF0000,4.904384043311101,8.48568187703199
21,Postmaturity_Baby,"Metronidazole, Oral",0.0772029438585501,1.0349471986699322e-36,1.1995027268881013,1.1995027268881013,#0000ff,#FF0000,0.0519241635423425,0.1147884555822649
22,Postmaturity_Baby,"Nitrofurantoin, Oral",0.0027045982092598,6.420350491996474e-36,1.1730813754268579,1.1730813754268579,#0000ff,#FF0000,0.001071147780105,0.0068289843935575
23,Postmaturity_Baby,"Icosapent, Oral",0.352360935241048,6.390349530907711e-35,1.1398158462241779,1.1398158462241779,#0000ff,#FF0000,0.2985152644570562,0.4159191956557623
24,BPD_OLD_Baby,"Sertraline, Oral",1.5575406365618998,9.120404521769613e-34,1.1013328632922827,1.1013328632922827,#c9c9c9,#FF0000,1.4497694034661377,1.673323239365984
25,Other_Resp_Dis_Baby,"Sertraline, Oral",1.5232704775024932,2.8418454172534252e-30,0.9848799849766924,0.9848799849766924,#c9c9c9,#FF0000,1.417245351921538,1.6372274175989912
26,Jaundice_Baby,"Terbutaline, Oral",1.37687707423078,2.463712821542391e-28,0.9202803305449516,0.9202803305449516,#c9c9c9,#FF0000,1.3008751088237074,1.4573193573182797
27,LGA_Baby,"Ascorbic acid, Oral",0.8648503768587515,1.3762346959906357e-27,0.8953769165812064,0.8953769165812064,#0000ff,#FF0000,0.8425298757748918,0.8877621979455682
28,Neonatal_Death_Baby,"Doconexent, Oral",1.7035275858608616,6.785120541629317e-26,0.8389480810813529,0.8389480810813529,#c9c9c9,#FF0000,1.542617376010416,1.881222317937472
29,Postmaturity_Baby,"Salbutamol, Inhalation",0.2732248159744224,7.908559642911913e-26,0.8367300868589499,0.8367300868589499,#0000ff,#FF0000,0.2144976291977498,0.3480308866045038
30,LGA_Baby,"Folic acid, Oral",0.8550810510459147,6.284434186643308e-23,0.7400577939176461,0.7400577939176461,#0000ff,#FF0000,0.828876800978507,0.8821137266655692
31,LGA_Baby,"Calcium, Oral",0.865056078825861,3.869237324180647e-22,0.7137458210501199,0.7137458210501199,#0000ff,#FF0000,0.8400207862466158,0.8908375027923175
32,NAS_Baby,"Ondansetron, Oral",3.438848483870477,1.235802754064209e-21,0.6969350280422593,0.6969350280422593,#c9c9c9,#FF0000,2.6692033048125463,4.430415200556923
33,TTN_Baby,"Oxycodone, Oral",1.6183916789338986,8.949760779273833e-21,0.6682729524303627,0.6682729524303627,#c9c9c9,#FF0000,1.463001549756567,1.7902862966059732
34,RDS_Baby,"Oxycodone, Oral",1.671827608544348,6.017237165487543e-20,0.6406867623578861,0.6406867623578861,#c9c9c9,#FF0000,1.497448123102765,1.8665137773853293
35,Jaundice_Baby,"Iodine, Oral",0.7159749285065473,1.0357821230676472e-19,0.6328243862965498,0.6328243862965498,#0000ff,#FF0000,0.6661843817107475,0.7694868152470912
36,LGA_Baby,"Prenatal Vitamins, Oral",0.8377234541719315,3.689547235523084e-19,0.6144342308405732,0.6144342308405732,#0000ff,#FF0000,0.8058472536921277,0.870860553851147
37,NAS_Baby,"Hydrocodone, Oral",3.372878563204585,4.678281252302359e-19,0.6109971224170547,0.6109971224170547,#c9c9c9,#FF0000,2.5821412485964337,4.405765876792684
38,Postmaturity_Baby,"Pyridoxine, Oral",0.2099819167558328,8.383353273924153e-19,0.6025527410772131,0.6025527410772131,#0000ff,#FF0000,0.1486450288410418,0.2966288594259355
39,Jaundice_Baby,"Calcium, Oral",0.937409174914482,2.956386653359976e-18,0.5843079589005428,0.5843079589005428,#0000ff,#FF0000,0.9238784516539824,0.9511380632816842
40,Postmaturity_Baby,"Fluconazole, Oral",0.3904387639127498,7.49480314313295e-18,0.5708413256583391,0.5708413256583391,#0000ff,#FF0000,0.3151688054302864,0.483685014948078
41,BPD_OLD_Baby,"Fluoxetine, Oral",1.6486316114070632,1.3786898901454053e-17,0.5620177803018547,0.5620177803018547,#c9c9c9,#FF0000,1.4698560393138491,1.8491512892646595
42,Jaundice_Baby,"Folic acid, Oral",0.9354677375233514,1.6183572789893098e-17,0.5596975198162806,0.5596975198162806,#0000ff,#FF0000,0.921219063392236,0.9499367986639876
43,TTN_Baby,"Escitalopram, Oral",1.7866220128508763,7.836479925923493e-16,0.50352929915221,0.50352929915221,#c9c9c9,#FF0000,1.5513884730550969,2.057523484441897
44,LGA_Baby,"Omega-3 fatty acids, Oral",0.7106127526610676,9.427469005336494e-16,0.5008534962249583,0.5008534962249583,#0000ff,#FF0000,0.6537895773642838,0.7723746320342089
45,Postmaturity_Baby,"Calcium, Oral",0.7582540569177365,1.470379280503816e-15,0.49441902085570477,0.49441902085570477,#0000ff,#FF0000,0.7084250434199117,0.811587930399308
46,Postmaturity_Baby,"Promethazine, Oral",0.0130773551609765,1.7528418365767777e-15,0.4918752423215144,0.4918752423215144,#0000ff,#FF0000,0.0044938875616802,0.0380555177803284
47,TTN_Baby,"Sertraline, Oral",1.412630471890459,7.87383311880349e-15,0.47012712646869176,0.47012712646869176,#c9c9c9,#FF0000,1.2947390342052858,1.5412564210967188
48,Postmaturity_Baby,"Clavulanic acid, Oral",0.3410009289337085,1.3484578231305311e-14,0.4623387544266293,0.4623387544266293,#0000ff,#FF0000,0.2593227262949262,0.4484051019940523
49,Other_Resp_Dis_Baby,"Fluoxetine, Oral",1.5759626432411702,1.95723244108115e-14,0.4569452531477245,0.4569452531477245,#c9c9c9,#FF0000,1.4026725794372494,1.770661442521488
50,Jaundice_Baby,"Nifedipine, Oral",1.1593845132347895,2.2313318625087683e-14,0.45504786109904083,0.45504786109904083,#c9c9c9,#FF0000,1.116202847729978,1.2042367140187054
51,Postmaturity_Baby,"Hydroxyzine, Oral",0.1981328546429354,3.5771394189532425e-14,0.4482154710966828,0.4482154710966828,#0000ff,#FF0000,0.130335441831687,0.3011968773593748
52,LGA_Baby,"Cyanocobalamin, Oral",0.892302807865148,7.158830724252209e-14,0.4381719302222986,0.4381719302222986,#0000ff,#FF0000,0.8660713124058156,0.9193288006645683
53,Postmaturity_Baby,"Cyanocobalamin, Oral",0.7643001150429433,9.383150434203688e-14,0.43425504402818815,0.43425504402818815,#0000ff,#FF0000,0.7121145529184055,0.8203099676318355
54,RDS_Baby,"Acetaminophen, Oral",1.2449774459625371,9.994553096423017e-14,0.4333412206821663,0.4333412206821663,#c9c9c9,#FF0000,1.1751567599544008,1.3189464535910471
55,Hypoglycemia_Baby,"Prenatal Vitamins, Oral",0.784337090978944,1.7145507776152348e-13,0.42552832161416887,0.42552832161416887,#0000ff,#FF0000,0.7352661268413161,0.836683004734802
56,TTN_Baby,"Linoleic acid, Oral",0.6594335394219536,2.8136652097170893e-13,0.41835758597776035,0.41835758597776035,#0000ff,#FF0000,0.5897130009619599,0.737396991765857
57,LGA_Baby,"Cholecalciferol, Oral",0.8768645092305125,3.0160684339155504e-13,0.4173519602882063,0.4173519602882063,#0000ff,#FF0000,0.846442102863128,0.9083803427868938
58,LGA_Baby,"Iron, Oral",0.8677400852006352,4.164066455107774e-13,0.4126827449373375,0.4126827449373375,#0000ff,#FF0000,0.8350917669919782,0.9016648052659326
59,TTN_Baby,"Fish oil, Oral",0.6648314870393459,6.40860480820401e-13,0.40644121695701746,0.40644121695701746,#0000ff,#FF0000,0.5948309233956118,0.743069818286802
60,Postmaturity_Baby,"Oxycodone, Oral",0.2648655984420967,8.636890996406786e-13,0.4021214187155727,0.4021214187155727,#0000ff,#FF0000,0.1840259971341596,0.3812167103050453
61,Postmaturity_Baby,"Esomeprazole, Oral",0.170092840548037,2.169319730231201e-12,0.3887892144588827,0.3887892144588827,#0000ff,#FF0000,0.1037509044159992,0.2788561176266573
62,LGA_Baby,"Linoleic acid, Oral",0.7550563050494425,5.304669869808719e-12,0.3758447212917527,0.3758447212917527,#0000ff,#FF0000,0.6971156603063327,0.8178126762270613
63,TTN_Baby,"Zolpidem, Oral",1.3594163256022884,7.337674412421069e-12,0.3711480520894819,0.3711480520894819,#c9c9c9,#FF0000,1.2450935221569863,1.48423609425945
64,LGA_Baby,"Fish oil, Oral",0.7580664026438255,9.436613311702236e-12,0.3675061280288284,0.3675061280288284,#0000ff,#FF0000,0.7000205537204182,0.8209254253509626
65,Postmaturity_Baby,"Enoxaparin, Subcutaneous",0.0607574070421983,9.594706556161103e-12,0.36726561010525566,0.36726561010525566,#0000ff,#FF0000,0.027141699497779,0.1360070510983819
66,Postmaturity_Baby,"Prednisone, Oral",0.2204834477136767,1.055347206134995e-11,0.36588682117489196,0.36588682117489196,#0000ff,#FF0000,0.1425877800991361,0.340933498522179
67,Postmaturity_Baby,"Glyburide, Oral",0.0389846544664514,1.5146761222773396e-11,0.36065600736182307,0.36065600736182307,#0000ff,#FF0000,0.0151888689172236,0.1000603331394353
68,LGA_Baby,"Copper, Oral",0.8845887155654072,2.066533555057141e-11,0.35615858461758404,0.35615858461758404,#0000ff,#FF0000,0.8534231963441862,0.9168923449206028
69,Postmaturity_Baby,"Pantoprazole, Oral",0.3150148008504624,3.287286794421912e-11,0.34943874682975573,0.34943874682975573,#0000ff,#FF0000,0.2239218192123543,0.4431650524451504
70,BPD_OLD_Baby,"Acetaminophen, Oral",1.1658487691699115,3.479378134159798e-11,0.3486166123381444,0.3486166123381444,#c9c9c9,#FF0000,1.1141038399778227,1.219997009077766
71,NAS_Baby,"Buprenorphine, Sublingual",4.9440854265846745,3.728480657395674e-11,0.34761560351998366,0.34761560351998366,#c9c9c9,#FF0000,3.0790633520022834,7.9387716038617056
72,Postmaturity_Baby,"Nicotinamide, Oral",0.2943139228075036,5.850414615705047e-11,0.34109377848710626,0.34109377848710626,#0000ff,#FF0000,0.2040807400255119,0.4244432137374299
73,Neonatal_Death_Baby,"Biotin, Oral",1.6158372017473337,8.997818001121877e-11,0.3348620931852248,0.3348620931852248,#c9c9c9,#FF0000,1.397632790902272,1.8681086187632387
74,Hypoglycemia_Baby,"Fish oil, Oral",0.6244180972426787,9.549817047789311e-11,0.3340001649468477,0.3340001649468477,#0000ff,#FF0000,0.5414471606853578,0.7201034347851023
75,Neonatal_Death_Baby,"Cholecalciferol, Oral",1.4271543630533896,1.0940129413601724e-10,0.33203258468637303,0.33203258468637303,#c9c9c9,#FF0000,1.281020852715966,1.5899581741109472
76,Postmaturity_Baby,"Labetalol, Oral",0.0633800027957851,1.4119895238764158e-10,0.3283389508493119,0.3283389508493119,#0000ff,#FF0000,0.0272829663625789,0.1472356305032671
77,Other_Resp_Dis_Baby,"Acetaminophen, Oral",1.1604570487629684,1.631384972839205e-10,0.326248118080768,0.326248118080768,#c9c9c9,#FF0000,1.1086991766782714,1.214631155457636
78,RDS_Baby,"Nitrofurantoin, Oral",1.2219506087821776,2.1108995573213632e-10,0.32251774770608593,0.32251774770608593,#c9c9c9,#FF0000,1.148674375482799,1.299901279399171
79,RDS_Baby,"Nifedipine, Oral",1.2524396417500798,2.120713286398708e-10,0.322450601424299,0.322450601424299,#c9c9c9,#FF0000,1.1684084660545246,1.3425142848578675
80,Postmaturity_Baby,"Ferrous fumarate, Oral",0.162727944597698,3.014562449279826e-10,0.3173591904972661,0.3173591904972661,#0000ff,#FF0000,0.0924840714501039,0.2863237262135232
81,LGA_Baby,"Nifedipine, Oral",0.745507952317269,4.3834425311461715e-10,0.31193948942878086,0.31193948942878086,#0000ff,#FF0000,0.6798109839119099,0.8175538791240035
82,Postmaturity_Baby,"Cyclobenzaprine, Oral",0.2326750879362807,4.889218347350492e-10,0.3103586855722719,0.3103586855722719,#0000ff,#FF0000,0.1469915956539446,0.3683047068460281
83,BPD_OLD_Baby,"Escitalopram, Oral",1.4996155296738445,5.194160350854684e-10,0.3094828215744466,0.3094828215744466,#c9c9c9,#FF0000,1.319672273664343,1.7040948587898843
84,Postmaturity_Baby,"Omeprazole, Oral",0.2980390628193052,1.465281679322825e-09,0.29446929601393423,0.29446929601393423,#0000ff,#FF0000,0.201328759002848,0.4412051383327366
85,BPD_OLD_Baby,"Linoleic acid, Oral",0.7706059519046358,1.779344577025086e-09,0.291657998031647,0.291657998031647,#0000ff,#FF0000,0.707893561544883,0.8388740417625603
86,LGA_Baby,"Labetalol, Oral",0.7140934272461041,2.018590260870807e-09,0.2898317275475406,0.2898317275475406,#0000ff,#FF0000,0.6396657715258249,0.7971810366212473
87,TTN_Baby,"Cholecalciferol, Oral",0.8682870325349397,2.4480513512580673e-09,0.2870393158834791,0.2870393158834791,#0000ff,#FF0000,0.8289132523720656,0.909531086287816
88,Hypoglycemia_Baby,"Linoleic acid, Oral",0.6585963765259988,3.603132594665147e-09,0.28144399185401575,0.28144399185401575,#0000ff,#FF0000,0.5732974526910511,0.7565866290477341
89,BPD_OLD_Baby,"Fish oil, Oral",0.7757917170024912,4.074680665987614e-09,0.2796635473795422,0.2796635473795422,#0000ff,#FF0000,0.7128551180075622,0.8442848665404247
90,Postmaturity_Baby,"Ranitidine, Oral",0.3519026778155116,4.598046016476178e-09,0.2779142228899463,0.2779142228899463,#0000ff,#FF0000,0.2481677819301291,0.4989990791334603
91,TTN_Baby,"Omega-3 fatty acids, Oral",0.7211768310686549,5.9853794495433315e-09,0.27409694372735977,0.27409694372735977,#0000ff,#FF0000,0.645969646657495,0.805140031519146
92,LGA_Baby,"Doconexent, Oral",0.9026316460366464,8.740527638026276e-09,0.26861541165297004,0.26861541165297004,#0000ff,#FF0000,0.8716758395033964,0.9346867855038798
93,BPD_OLD_Baby,"Ascorbic acid, Oral",0.9219020937165936,9.936006463876337e-09,0.2667596044878936,0.2667596044878936,#0000ff,#FF0000,0.8966211116543045,0.9478958942099084
94,Postmaturity_Baby,"Montelukast, Oral",0.3203187758552813,1.0358305359101746e-08,0.2661570430094967,0.2661570430094967,#0000ff,#FF0000,0.2169253987889576,0.4729926451132051
95,Postmaturity_Baby,"Ascorbic acid, Oral",0.8459887063480154,1.578855097126432e-08,0.2600552575495675,0.2600552575495675,#0000ff,#FF0000,0.7983253791432685,0.8964977313341164
96,Neonatal_Death_Baby,"Ascorbic acid, Oral",1.2764913241468572,1.738147496823657e-08,0.25866377908955845,0.25866377908955845,#c9c9c9,#FF0000,1.1726024636585457,1.389584408289864
97,RDS_Baby,"Valaciclovir, Oral",0.7524082868521813,2.4641848795595023e-08,0.25361089038736945,0.25361089038736945,#0000ff,#FF0000,0.6808090384133123,0.8315374770041606
98,Jaundice_Baby,"Niacin, Oral",0.7936885338936159,2.5412949595155082e-08,0.2531648308310554,0.2531648308310554,#0000ff,#FF0000,0.7317146831134123,0.8609113680127691
99,Jaundice_Baby,"Hydroxyzine, Oral",1.18123254615847,3.0474506920308684e-08,0.2505354437522789,0.2505354437522789,#c9c9c9,#FF0000,1.1136230924203572,1.2529466545736256
100,TTN_Baby,"Biotin, Oral",0.8197890390368805,3.200297315500341e-08,0.24982698909263754,0.24982698909263754,#0000ff,#FF0000,0.7640410342355386,0.8796046788212569
101,Postmaturity_Baby,"Heparin, Injection",0.191466929468905,4.153241584550404e-08,0.24605376020800246,0.24605376020800246,#0000ff,#FF0000,0.1060537814734204,0.3456697589744916
102,Other_Resp_Dis_Baby,"Ascorbic acid, Oral",0.9250988062116176,4.546593302880612e-08,0.24474379640380903,0.24474379640380903,#0000ff,#FF0000,0.899640338515241,0.9512777102309332
103,Postmaturity_Baby,"Multivitamin, Oral",0.2056049887149025,5.530737786416484e-08,0.24190723103488757,0.24190723103488757,#0000ff,#FF0000,0.1162050755673643,0.3637828311548167
104,Postmaturity_Baby,"Bupropion, Oral",0.2592282326619514,5.792577849486624e-08,0.2412376040262611,0.2412376040262611,#0000ff,#FF0000,0.1591690932140563,0.4221879716225235
105,Other_Resp_Dis_Baby,"Linoleic acid, Oral",0.7915528142822289,5.970583371356245e-08,0.2407994410975684,0.2407994410975684,#0000ff,#FF0000,0.7273883435390176,0.8613773692738698
106,BPD_OLD_Baby,"Prenatal Vitamins, Oral",0.8937510067327524,6.663842463716192e-08,0.23920917594667024,0.23920917594667024,#0000ff,#FF0000,0.8580454712583766,0.9309423437248988
107,Postmaturity_Baby,"Butalbital, Oral",0.330486749187009,8.69807303449285e-08,0.23535256500152346,0.23535256500152346,#0000ff,#FF0000,0.2203247003137743,0.4957296718554468
108,Postmaturity_Baby,"Fluoxetine, Oral",0.2916937054850852,9.343081447844748e-08,0.23431699550651483,0.23431699550651483,#0000ff,#FF0000,0.1855676199468311,0.4585132785773629
109,Other_Resp_Dis_Baby,"Escitalopram, Oral",1.4226285812091253,1.0407808235537461e-07,0.23275469060911477,0.23275469060911477,#c9c9c9,#FF0000,1.2493515320163706,1.619938046425327
110,Other_Resp_Dis_Baby,"Fish oil, Oral",0.7955761793648637,1.0662315768824009e-07,0.23240494866042125,0.23240494866042125,#0000ff,#FF0000,0.7312358877177162,0.8655776717254505
111,Other_Resp_Dis_Baby,"Zolpidem, Oral",1.231470897356986,1.159136834405949e-07,0.2311955097727493,0.2311955097727493,#c9c9c9,#FF0000,1.1402072239842378,1.3300394341811188
112,Jaundice_Baby,"Pantoprazole, Oral",1.1543044755346246,1.571120156943667e-07,0.2267930199830281,0.2267930199830281,#c9c9c9,#FF0000,1.0940269420564244,1.217903116476034
113,TTN_Baby,"Copper, Oral",0.881427319836949,1.5726587329008805e-07,0.22677885030326864,0.22677885030326864,#0000ff,#FF0000,0.8408124880856979,0.9240040213053567
114,RDS_Baby,"Ondansetron, Oral",1.2250514902830212,1.5918604902896985e-07,0.22660316654139054,0.22660316654139054,#c9c9c9,#FF0000,1.135510833600737,1.3216528714972515
115,Postmaturity_Baby,"Lansoprazole, Oral",0.2547552432544442,1.5942915943722362e-07,0.22658107478797715,0.22658107478797715,#0000ff,#FF0000,0.1527728370415519,0.4248152696672065
116,BPD_OLD_Baby,"Labetalol, Oral",1.2111606812144964,1.7682777222796861e-07,0.22508165081714812,0.22508165081714812,#c9c9c9,#FF0000,1.127132252715174,1.3014534826647808
117,Pneumonia_Baby,"Doconexent, Oral",0.7598482671375858,2.061010964394651e-07,0.22286398992689008,0.22286398992689008,#0000ff,#FF0000,0.6850413751251645,0.8428241125822514
118,BPD_OLD_Baby,"Citalopram, Oral",1.4769411459173096,2.392381792801134e-07,0.22070565038137915,0.22070565038137915,#c9c9c9,#FF0000,1.2738155381177088,1.7124576386679031
119,Other_Resp_Dis_Baby,"Calcium, Oral",0.9214790560735496,2.7708600875234374e-07,0.21857951343447643,0.21857951343447643,#0000ff,#FF0000,0.893180015867964,0.9506747080061444
120,BPD_OLD_Baby,"Doconexent, Oral",0.906094316218481,3.7397034061709714e-07,0.21423876133637496,0.21423876133637496,#0000ff,#FF0000,0.87227968590848,0.9412197981297216
121,Jaundice_Baby,"Copper, Oral",0.9553577149052088,4.557816917366271e-07,0.2113747707983466,0.2113747707983466,#0000ff,#FF0000,0.9385537136591175,0.9724625774166372
122,Other_Resp_Dis_Baby,"Prenatal Vitamins, Oral",0.9006263471587461,5.136116067320961e-07,0.2096455056841919,0.2096455056841919,#0000ff,#FF0000,0.8645727740035489,0.9381833913650128
123,Hypoglycemia_Baby,"Iron, Oral",0.8536378781260769,6.689991035484037e-07,0.20581914880605723,0.20581914880605723,#0000ff,#FF0000,0.8019950252909638,0.9086061683577396
124,Other_Resp_Dis_Baby,"Oxycodone, Oral",1.2648646427712522,6.708726807179868e-07,0.20577866310356632,0.20577866310356632,#c9c9c9,#FF0000,1.1529193263138804,1.3876795435878415
125,Postmaturity_Baby,"Betamethasone, Topical application",0.3169366484827996,6.995409261850206e-07,0.20517289574379513,0.20517289574379513,#0000ff,#FF0000,0.201297777461644,0.4990062007547478
126,Other_Resp_Dis_Baby,"Hydrocodone, Oral",1.179600728287413,7.559420908925254e-07,0.20405038241491125,0.20405038241491125,#c9c9c9,#FF0000,1.1048689567341612,1.2593872510357704
127,RDS_Baby,"Methyldopa, Oral",1.275620842050759,8.473390032190772e-07,0.2023980934151022,0.2023980934151022,#c9c9c9,#FF0000,1.1578199214245772,1.4054072680595937
128,Other_Resp_Dis_Baby,"Ondansetron, Oral",1.1630420109252508,8.500519244237011e-07,0.2023518181702318,0.2023518181702318,#c9c9c9,#FF0000,1.0951737201762644,1.2351161229100205
129,Postmaturity_Baby,"Terbutaline, Oral",0.0243547431287278,8.612368412339662e-07,0.20216258001942927,0.20216258001942927,#0000ff,#FF0000,0.0055459600561613,0.1069523593498193
130,BPD_OLD_Baby,"Zolpidem, Oral",1.2132003231033768,8.89578919108543e-07,0.20169385057933165,0.20169385057933165,#c9c9c9,#FF0000,1.123207390512953,1.31040361415888
131,Postmaturity_Baby,"Folic acid, Oral",0.838966447991719,8.990051955273307e-07,0.2015412599462179,0.2015412599462179,#0000ff,#FF0000,0.7822055585918551,0.8998462017106547
132,RDS_Baby,"Cephalexin, Oral",1.250816191327952,1.0280616962750684e-06,0.19959936071927623,0.19959936071927623,#c9c9c9,#FF0000,1.1434230158566632,1.368296004883193
133,Neonatal_Death_Baby,"Icosapent, Oral",1.5453384685003837,1.0312371356316328e-06,0.19955471520330906,0.19955471520330906,#c9c9c9,#FF0000,1.297754164488322,1.840156670326448
134,Postmaturity_Baby,"Caffeine, Oral",0.3734222275059303,1.0410208348796143e-06,0.19941801928263952,0.19941801928263952,#0000ff,#FF0000,0.2514855328302892,0.5544818360966806
135,Postmaturity_Baby,"Guaifenesin, Oral",0.2735932251553974,1.058560725100989e-06,0.1991761407771047,0.1991761407771047,#0000ff,#FF0000,0.1625730892239345,0.4604283107878094
136,Sepsis_Baby,"Cyanocobalamin, Oral",0.8955765507154955,1.3535499587694164e-06,0.19561752366773433,0.19561752366773433,#0000ff,#FF0000,0.8563936349441033,0.9365522178872974
137,Postmaturity_Baby,"Succinic acid, Oral",0.2557236350752337,1.4915390291116466e-06,0.194212179265555,0.194212179265555,#0000ff,#FF0000,0.1467471955590176,0.4456274430797653
138,TTN_Baby,"Iron, Oral",0.8845543939542101,1.5167473381936747e-06,0.19396955861818835,0.19396955861818835,#0000ff,#FF0000,0.8414175876891938,0.9299026872168488
139,BPD_OLD_Baby,"Hydrocodone, Oral",1.173590407513835,1.57189536602995e-06,0.19345254554517563,0.19345254554517563,#c9c9c9,#FF0000,1.099365770658878,1.2528263853285424
140,BPD_OLD_Baby,"Ondansetron, Oral",1.1582385476165338,1.612170242968822e-06,0.19308630330690238,0.19308630330690238,#c9c9c9,#FF0000,1.0907627090328658,1.22988851935938
141,Postmaturity_Baby,"Iron, Oral",1.2040178422374086,2.0763905599520247e-06,0.18942303180846082,0.18942303180846082,#c9c9c9,#FF0000,1.1151485024933845,1.2999694311427596
142,BPD_OLD_Baby,"Calcium, Oral",0.9288219072723578,2.9905588783617702e-06,0.18414158809144324,0.18414158809144324,#0000ff,#FF0000,0.9004884917012895,0.9580468194536784
143,Other_Resp_Dis_Baby,"Doconexent, Oral",0.9130918528874292,3.0240346289008454e-06,0.18398044133128474,0.18398044133128474,#0000ff,#FF0000,0.8789006339850637,0.9486131873965258
144,Postmaturity_Baby,"Escitalopram, Oral",0.3107310968016817,3.1213803291927826e-06,0.18352177702861433,0.18352177702861433,#0000ff,#FF0000,0.1901110342906052,0.5078811699692465
145,BPD_OLD_Baby,"Icosapent, Oral",0.8503560704503178,3.224167705368985e-06,0.18305274588044823,0.18305274588044823,#0000ff,#FF0000,0.794265952245641,0.9104072061848528
146,TTN_Baby,"Calcium, Oral",0.9154475611778136,4.810123256579216e-06,0.17726145983143102,0.17726145983143102,#0000ff,#FF0000,0.8814332515038995,0.9507744753633212
147,SGA_Baby,"Azithromycin, Oral",0.8138454924366542,4.935426797832819e-06,0.17688917617188854,0.17688917617188854,#0000ff,#FF0000,0.7449972373230515,0.8890562976306033
148,LGA_Baby,"Valaciclovir, Oral",0.8689544892913907,5.274518791732998e-06,0.1759272385351505,0.1759272385351505,#0000ff,#FF0000,0.8179746906962251,0.9231115742920704
149,Postmaturity_Baby,"Methyldopa, Oral",0.1210072512439255,5.547245802269904e-06,0.17519741966027144,0.17519741966027144,#0000ff,#FF0000,0.0486529176876991,0.3009635505850175
150,Neonatal_Death_Baby,"Levothyroxine, Oral",1.4122948163781954,6.14476653894468e-06,0.17371648709407125,0.17371648709407125,#c9c9c9,#FF0000,1.2160012709140855,1.640275134638115
151,BPD_OLD_Baby,"Omega-3 fatty acids, Oral",0.8225666408830559,6.279938495551588e-06,0.17340148698781194,0.17340148698781194,#0000ff,#FF0000,0.7557201306601715,0.8953259960172895
152,Other_Resp_Dis_Baby,"Citalopram, Oral",1.4126040853462145,6.665140431920467e-06,0.17253968985792162,0.17253968985792162,#c9c9c9,#FF0000,1.2154554660608867,1.64173049334648
153,TTN_Baby,"Prenatal Vitamins, Oral",0.8918910624285331,6.746460124862536e-06,0.17236413474016324,0.17236413474016324,#0000ff,#FF0000,0.8485503572486303,0.9374454449811992
154,BPD_OLD_Baby,"Nifedipine, Oral",1.1489807616236345,6.76066412077774e-06,0.17233368799611587,0.17233368799611587,#c9c9c9,#FF0000,1.0815585393238356,1.2206059520426482
155,RDS_Baby,"Codeine, Oral",1.228180996433511,7.465357560252742e-06,0.17089831288340454,0.17089831288340454,#c9c9c9,#FF0000,1.1225625251902622,1.3437367862825724
156,Jaundice_Baby,"Cyanocobalamin, Oral",0.9666775137174384,8.09513178634962e-06,0.16972586922224756,0.16972586922224756,#0000ff,#FF0000,0.9523956672498428,0.981173526571482
157,Postmaturity_Baby,"Clotrimazole, Topical application",0.3275001442840184,8.707821772780385e-06,0.16866968228187254,0.16866968228187254,#0000ff,#FF0000,0.2002380033112518,0.5356442969486297
158,RDS_Baby,"Progesterone, Oral",1.5647055807037429,8.843021005151841e-06,0.1684466447796015,0.1684466447796015,#c9c9c9,#FF0000,1.284324602858638,1.9062965459324108
159,Other_Resp_Dis_Baby,"Nifedipine, Oral",1.1471691697599544,9.37780054302056e-06,0.16759663361777563,0.16759663361777563,#c9c9c9,#FF0000,1.079574738781632,1.2189958293512204
160,NAS_Baby,"Promethazine, Oral",2.2969804878339586,1.0148879855166532e-05,0.16645272962474786,0.16645272962474786,#c9c9c9,#FF0000,1.587780683799468,3.322952228430238
161,Other_Resp_Dis_Baby,"Labetalol, Oral",1.176234781347102,1.1279031691632288e-05,0.1649242727689418,0.1649242727689418,#c9c9c9,#FF0000,1.094029185406621,1.2646173240217944
162,TTN_Baby,"Doconexent, Oral",0.9019589727234324,1.1530087073745896e-05,0.16460558043188073,0.16460558043188073,#0000ff,#FF0000,0.8613159724286141,0.9445197982134654
163,Sepsis_Baby,"Calcium, Oral",0.907604634112278,1.1573128152210244e-05,0.1645516412598794,0.1645516412598794,#0000ff,#FF0000,0.8691201950760234,0.947793155111334
164,TTN_Baby,"Ibuprofen, Oral",1.441143276764875,1.2783178311280086e-05,0.16311203843690647,0.16311203843690647,#c9c9c9,#FF0000,1.2229956604759562,1.6982022187685697
165,BPD_OLD_Baby,"Promethazine, Oral",1.1895504688668157,1.487208215092284e-05,0.16092094080862068,0.16092094080862068,#c9c9c9,#FF0000,1.0996779702121393,1.286767905069779
166,Pneumonia_Baby,"Cholecalciferol, Oral",0.8041720875474393,1.6348026989915694e-05,0.15955115513192147,0.15955115513192147,#0000ff,#FF0000,0.7282887234034714,0.8879620480298706
167,Postmaturity_Baby,"Copper, Oral",1.1781276987277824,1.7534731987395958e-05,0.1585366955926629,0.1585366955926629,#c9c9c9,#FF0000,1.0931970232125687,1.2696566538671696
168,BPD_OLD_Baby,"Fluconazole, Oral",1.1715696691646729,1.8064535497854594e-05,0.15810577337255402,0.15810577337255402,#c9c9c9,#FF0000,1.0897635874547522,1.2595167479511804
169,BPD_OLD_Baby,"Valaciclovir, Oral",0.8595983266163081,1.8730203269527307e-05,0.1575819169806136,0.1575819169806136,#0000ff,#FF0000,0.8020542552818473,0.9212709467664372
170,Postmaturity_Baby,"Nifedipine, Oral",0.0015540111164399,1.901168879018292e-05,0.1573659767818804,0.1573659767818804,#0000ff,#FF0000,8.020031064044665e-05,0.0301114862365751
171,LGA_Baby,"Biotin, Oral",0.8932730244532024,1.941145218220521e-05,0.1570647324523177,0.1570647324523177,#0000ff,#FF0000,0.8481912278695121,0.9407509415300488
172,Other_Resp_Dis_Baby,"Icosapent, Oral",0.8617381420179389,1.960311666629183e-05,0.15692249584701648,0.15692249584701648,#0000ff,#FF0000,0.8048364791934197,0.9226627328730564
173,Jaundice_Baby,"Linoleic acid, Oral",0.9225661473688808,1.971083346306111e-05,0.1568431670466714,0.1568431670466714,#0000ff,#FF0000,0.8890457272561458,0.9573504153693976
174,Postmaturity_Baby,"Methylprednisolone, Oral",0.2807392306668381,2.0034189951955585e-05,0.15660760709424607,0.15660760709424607,#0000ff,#FF0000,0.1565827082005066,0.5033411194707715
175,LGA_Baby,"Docusate, Oral",0.8853520281132227,2.0874975308446693e-05,0.15601246765135762,0.15601246765135762,#0000ff,#FF0000,0.8370628452999924,0.9364269577671624
176,RDS_Baby,"Labetalol, Oral",1.2033578218099696,2.271682826100994e-05,0.15478841017396253,0.15478841017396253,#c9c9c9,#FF0000,1.104587045967233,1.3109605554383723
177,Jaundice_Baby,"Iron, Oral",0.9599633302647989,2.306673856223617e-05,0.15456712688766458,0.15456712688766458,#0000ff,#FF0000,0.9419721213094318,0.978298162552909
178,ROP_Baby,"Levothyroxine, Oral",0.7201924783367134,2.390730316690061e-05,0.15404898037203682,0.15404898037203682,#0000ff,#FF0000,0.6184683558159348,0.8386479291547508
179,RDS_Baby,"Fluconazole, Oral",1.2225758353520126,2.6510542154288987e-05,0.15255271302098233,0.15255271302098233,#c9c9c9,#FF0000,1.1131732810689727,1.3427304612911022
180,Postmaturity_Baby,"Metronidazole, Vaginal",0.3972981490712144,2.686482625272288e-05,0.15236053212899386,0.15236053212899386,#0000ff,#FF0000,0.2582115834226133,0.6113041760681495
181,BPD_OLD_Baby,"Caffeine, Oral",1.25345549417972,3.314977046020286e-05,0.14931731581483676,0.14931731581483676,#c9c9c9,#FF0000,1.1266305279582929,1.394557165725487
182,Other_Resp_Dis_Baby,"Promethazine, Oral",1.1820359346681977,3.324578608568844e-05,0.14927544646136198,0.14927544646136198,#c9c9c9,#FF0000,1.0922667832447843,1.2791828629048363
183,RDS_Baby,"Promethazine, Oral",1.2292530696597217,4.494750994719826e-05,0.14490981209331327,0.14490981209331327,#c9c9c9,#FF0000,1.1132274917671854,1.3573713553095257
184,Arrhythmia_Baby,"Prenatal Vitamins, Oral",0.8140582342053615,4.558607913847013e-05,0.14470559199624664,0.14470559199624664,#0000ff,#FF0000,0.737405070961721,0.8986794840090699
185,SGA_Baby,"Terconazole, Vaginal",0.7268718195665845,5.2773523172871525e-05,0.14258613037509452,0.14258613037509452,#0000ff,#FF0000,0.6227235247523498,0.8484385462877018
186,Jaundice_Baby,"Insulin Human Isophane (NPH), Subcutaneous",0.9012807222703052,6.241969875682191e-05,0.14015594438701798,0.14015594438701798,#0000ff,#FF0000,0.8565665451287828,0.9483290527228736
187,TTN_Baby,"Bupropion, Oral",1.3402021245414968,7.093514642376248e-05,0.1383046176820256,0.1383046176820256,#c9c9c9,#FF0000,1.1599427131073623,1.5484745188957392
188,Jaundice_Baby,"Valaciclovir, Oral",0.9410013764090608,7.239844436342436e-05,0.13800902551517752,0.13800902551517752,#0000ff,#FF0000,0.9131586307896856,0.9696930637757806
189,TTN_Baby,"Labetalol, Oral",1.20058675516457,7.355774692046261e-05,0.13777905272347202,0.13777905272347202,#c9c9c9,#FF0000,1.0968388528591495,1.3141479743530655
190,UTI_Baby,"Amoxicillin, Oral",1.3037390146612264,7.891482740899466e-05,0.13676137963238985,0.13676137963238985,#c9c9c9,#FF0000,1.1428786181130397,1.487240544543733
191,Hypoglycemia_Baby,"Copper, Oral",0.8907122088684561,7.910357247420909e-05,0.13672679674864438,0.13672679674864438,#0000ff,#FF0000,0.8409673054058752,0.943399623180858
192,Other_Resp_Dis_Baby,"Valaciclovir, Oral",0.869749624889233,8.046036093203542e-05,0.13648060078620955,0.13648060078620955,#0000ff,#FF0000,0.8114632908857204,0.9322225891072324
193,Jaundice_Baby,"Levothyroxine, Oral",1.049654241631363,8.192920749528989e-05,0.13621870820230964,0.13621870820230964,#c9c9c9,#FF0000,1.0246445819922934,1.075274340330234
194,BPD_OLD_Baby,"Oxycodone, Oral",1.2068256270043831,8.38135668378285e-05,0.13588952255881853,0.13588952255881853,#c9c9c9,#FF0000,1.0989053150601484,1.325344480579571
195,Hypoglycemia_Baby,"Folic acid, Oral",0.9067572622245,8.400157537990688e-05,0.13585708563429252,0.13585708563429252,#0000ff,#FF0000,0.8635858565557472,0.9520868438907724
196,TTN_Baby,"Folic acid, Oral",0.9243193742433804,9.413742324002684e-05,0.13420792311718813,0.13420792311718813,#0000ff,#FF0000,0.8885231527384155,0.9615577297772488
197,LGA_Baby,"Terbutaline, Oral",0.7641455952621311,9.561020916817676e-05,0.13398319105639014,0.13398319105639014,#0000ff,#FF0000,0.6675561886068689,0.8747106246997775
198,Jaundice_Baby,"Fish oil, Oral",0.9294987781857672,0.0001052036449981,0.13259897376300317,0.13259897376300317,#0000ff,#FF0000,0.895782745103288,0.9644838364789162
199,Other_Resp_Dis_Baby,"Omega-3 fatty acids, Oral",0.8479102543617839,0.0001256529627041,0.13002757556510122,0.13002757556510122,#0000ff,#FF0000,0.779345103074434,0.9225076241778852
200,Sepsis_Baby,"Copper, Oral",0.9007675069570276,0.0001283128083257,0.12972433299027375,0.12972433299027375,#0000ff,#FF0000,0.8538552436864019,0.9502572099768912
201,Other_Resp_Dis_Baby,"Fluconazole, Oral",1.1525618285668522,0.0001377526806918,0.12869666469818875,0.12869666469818875,#c9c9c9,#FF0000,1.0714220521577824,1.2398463947928335
202,Jaundice_Baby,"Hydrocodone, Oral",1.0696019331122946,0.0001525832330291,0.12721643957465625,0.12721643957465625,#c9c9c9,#FF0000,1.0329933675122025,1.1075078807841847
203,Postmaturity_Baby,"Insulin Human Isophane (NPH), Subcutaneous",0.0515332744099507,0.0001653073615231,0.1260569268616589,0.1260569268616589,#0000ff,#FF0000,0.0110145272619486,0.241106886228856
204,Sepsis_Baby,"Iron, Oral",0.8960279898274804,0.0001753767430394,0.12520093331878968,0.12520093331878968,#0000ff,#FF0000,0.8460886996829846,0.948914881920886
205,Jaundice_Baby,"Lamotrigine, Oral",0.7591930357482146,0.0001871139268069,0.12426312956501942,0.12426312956501942,#0000ff,#FF0000,0.6570219519350738,0.877252371600434
206,Other_Resp_Dis_Baby,"Butalbital, Oral",1.225353152485409,0.0001956899181142,0.12361438494956345,0.12361438494956345,#c9c9c9,#FF0000,1.101070853341588,1.3636636949830503
207,TTN_Baby,"Lauric acid, Oral",0.7086813839229466,0.000197444341897,0.12348517690650661,0.12348517690650661,#0000ff,#FF0000,0.5911610036193852,0.8495643333102862
208,RDS_Baby,"Sertraline, Oral",1.211258993591298,0.0002046365042856,0.1229672297220519,0.1229672297220519,#c9c9c9,#FF0000,1.0947166353006856,1.340208326287855
209,Jaundice_Baby,"Terconazole, Vaginal",0.9342334917398596,0.0002059339599789,0.12287573430727693,0.12287573430727693,#0000ff,#FF0000,0.9012683011432812,0.9684044318226788
210,SGA_Baby,"Fish oil, Oral",0.7407949870760733,0.0002108616436315,0.12253341375171525,0.12253341375171525,#0000ff,#FF0000,0.6320907611521777,0.8681936940143313
211,Hypoglycemia_Baby,"Terconazole, Vaginal",0.7952198379412158,0.0002123415825547,0.12243216500751544,0.12243216500751544,#0000ff,#FF0000,0.704414451057664,0.8977308595894872
212,Jaundice_Baby,"Guaifenesin, Oral",1.1469011842958945,0.0002346510626405,0.12098591582338673,0.12098591582338673,#c9c9c9,#FF0000,1.0661276384106633,1.2337944155544447
213,BPD_OLD_Baby,"Butalbital, Oral",1.221264401475746,0.0002394158475275,0.12069490353171718,0.12069490353171718,#c9c9c9,#FF0000,1.0977183292823722,1.3587153448434843
214,RDS_Baby,"Hydrocodone, Oral",1.1691844322094045,0.0002797437563063,0.11844131992846857,0.11844131992846857,#c9c9c9,#FF0000,1.074643947852713,1.2720419998198165
215,Jaundice_Baby,"Cholecalciferol, Oral",0.9683083190046308,0.000282327770228,0.11830821339420307,0.11830821339420307,#0000ff,#FF0000,0.951621017458384,0.9852882433784388
216,Arrhythmia_Baby,"Calcium, Oral",0.8730280092039447,0.0002905322803419,0.11789352023929793,0.11789352023929793,#0000ff,#FF0000,0.8112056713513549,0.9395618543752554
217,Postmaturity_Baby,"Citalopram, Oral",0.397114410032417,0.0002991596719747,0.11746989838824926,0.11746989838824926,#0000ff,#FF0000,0.2407239616489326,0.6551065941884969
218,Arrhythmia_Baby,"Azithromycin, Oral",0.8119708318313704,0.0003152958644641,0.11670939085266788,0.11670939085266788,#0000ff,#FF0000,0.7249764475007549,0.9094042075680552
219,SGA_Baby,"Linoleic acid, Oral",0.7477052921095148,0.0003156439115414,0.11669341944554955,0.11669341944554955,#0000ff,#FF0000,0.6383005917925434,0.8758619544414868
220,Jaundice_Baby,"Reduced Diphtheria Toxoid, Intramuscular",1.1935740097365095,0.0003253014879377,0.11625713167463453,0.11625713167463453,#c9c9c9,#FF0000,1.083785225493991,1.3144845336576223
221,Arrhythmia_Baby,"Ascorbic acid, Oral",0.8872707477595134,0.000350808082054,0.11516434699147869,0.11516434699147869,#0000ff,#FF0000,0.8309500867709125,0.9474087461606652
222,Sepsis_Baby,"Oxycodone, Oral",1.2647541243538944,0.0003576631755605,0.11488419239426413,0.11488419239426413,#c9c9c9,#FF0000,1.1117213289920724,1.4388524834010743
223,Other_Resp_Dis_Baby,"Caffeine, Oral",1.2163449650725544,0.0003847878748177,0.11382595405401781,0.11382595405401781,#c9c9c9,#FF0000,1.0916934818131765,1.3552293740914194
224,Postmaturity_Baby,"Magnesium, Oral",0.4310365386178414,0.0003884401180679,0.11368919741814226,0.11368919741814226,#0000ff,#FF0000,0.2707722456649923,0.6861578341139069
225,BPD_OLD_Baby,"Iron, Oral",0.9293763002015728,0.0003889677631012,0.11366954635575882,0.11366954635575882,#0000ff,#FF0000,0.8925190770290174,0.9677555691599884
226,Jaundice_Baby,"Influenza Virus Vaccine (Subvirion), Intramuscular",1.1788269598863323,0.0003917787669488,0.1135653034986357,0.1135653034986357,#c9c9c9,#FF0000,1.0763484983385008,1.291062331112973
227,Arrhythmia_Baby,"Folic acid, Oral",0.8696068719703433,0.0004008375154834,0.11323438794752799,0.11323438794752799,#0000ff,#FF0000,0.8048666650794607,0.9395545182671808
228,LGA_Baby,"Hydrocodone, Oral",0.8795079485687348,0.0004490704003807,0.11158951898955753,0.11158951898955753,#0000ff,#FF0000,0.8186504505170624,0.944889520438201
229,Postmaturity_Baby,"Ampicillin, Oral",0.4524757865659781,0.0004628034200264,0.11115344801191615,0.11115344801191615,#0000ff,#FF0000,0.2902752046190455,0.7053111467002221
230,Postmaturity_Baby,"Metformin, Oral",0.3837273638815543,0.0004679943661894,0.11099197916730004,0.11099197916730004,#0000ff,#FF0000,0.2243756386840761,0.6562507884325717
231,Jaundice_Baby,"Pertussis Vac, Acellular, Intramuscular",1.1873964860183943,0.0004891187812397,0.11035285535895499,0.11035285535895499,#c9c9c9,#FF0000,1.0781095843243813,1.30776169278968
232,Sepsis_Baby,"Ascorbic acid, Oral",0.9342851633322388,0.0005315187830845,0.109149379451581,0.109149379451581,#0000ff,#FF0000,0.8990381557078739,0.9709140383874624
233,TTN_Baby,"Citalopram, Oral",1.372625592351784,0.0005774230129221,0.10795019705028126,0.10795019705028126,#c9c9c9,#FF0000,1.1461103748605748,1.6439088748396404
234,LGA_Baby,"Acetaminophen, Oral",0.917890846394314,0.000616417666602,0.10700416409483,0.10700416409483,#0000ff,#FF0000,0.8739642855076832,0.9640252123175156
235,IVH_Baby,"Calcium, Oral",1.2069085367406112,0.0006188090971828,0.10694811034377497,0.10694811034377497,#c9c9c9,#FF0000,1.0837070618282685,1.3441161983386527
236,Pneumonia_Baby,"Acetaminophen, Oral",1.2067725052284752,0.0006892148641188,0.10538817882687296,0.10538817882687296,#c9c9c9,#FF0000,1.0826451508708388,1.3451313001346916
237,Neonatal_Death_Baby,"Valaciclovir, Oral",1.372970357332338,0.0007046968295145,0.10506658941409253,0.10506658941409253,#c9c9c9,#FF0000,1.142925566466395,1.6493179061006793
238,Other_Resp_Dis_Baby,"Glyburide, Oral",1.147315753163234,0.0008095075003069,0.10305930410118706,0.10305930410118706,#c9c9c9,#FF0000,1.0586676564428523,1.243386845196942
239,Neonatal_Death_Baby,"Iron, Oral",0.7742507006352155,0.0008296422139271,0.1027036386082434,0.1027036386082434,#0000ff,#FF0000,0.6663900286495301,0.89956950383691
240,Neonatal_Death_Baby,"Fish oil, Oral",0.5573134415602136,0.0008446997697239,0.10244325414038803,0.10244325414038803,#0000ff,#FF0000,0.3953710046072679,0.785586875426575
241,BPD_OLD_Baby,"Glyburide, Oral",1.1468950004350569,0.0008479623887607,0.1023874470126667,0.1023874470126667,#c9c9c9,#FF0000,1.0581789700045368,1.2430488407998594
242,Neonatal_Death_Baby,"Linoleic acid, Oral",0.5577665291894333,0.0008640754577224,0.10211494433089217,0.10211494433089217,#0000ff,#FF0000,0.3956244408115655,0.7863606718681072
243,RDS_Baby,"Butalbital, Oral",1.2548704468246523,0.0008694072055066,0.10202589215892313,0.10202589215892313,#c9c9c9,#FF0000,1.0978941836246234,1.4342910836043763
244,Jaundice_Baby,"Hydrocortisone, Topical application",0.8767651464654128,0.0008823485549264,0.1018119940414018,0.1018119940414018,#0000ff,#FF0000,0.8113737634164927,0.9474266444352852
245,Other_Resp_Dis_Baby,"Iron, Oral",0.9336647681983156,0.0009168709056222,0.10125639360644388,0.10125639360644388,#0000ff,#FF0000,0.8965322930516896,0.9723351920849936
246,Postmaturity_Baby,"Oseltamivir, Oral",0.5090954635515521,0.00094127755716,0.10087607653510129,0.10087607653510129,#0000ff,#FF0000,0.3412358003313617,0.7595281349644182
247,TTN_Baby,"Methyldopa, Oral",0.8248937437275721,0.0009557032943641,0.10065589723168872,0.10065589723168872,#0000ff,#FF0000,0.7358567801793852,0.924703973339773
248,BPD_OLD_Baby,"Nitrofurantoin, Oral",1.0872445015460657,0.0010166597223084,0.09976081272795193,0.09976081272795193,#c9c9c9,#FF0000,1.0343290067729165,1.1428671132701582
249,LGA_Baby,"Pantothenic acid, Oral",0.8893347270070129,0.0010847787015436,0.09882196167652268,0.09882196167652268,#0000ff,#FF0000,0.8289213826658611,0.9541511091401742
250,BPD_OLD_Baby,"Insulin lispro, Injection",1.2875431483608824,0.001098405682948,0.09864124096020348,0.09864124096020348,#c9c9c9,#FF0000,1.1062484497412317,1.4985488651114764
251,BPD_OLD_Baby,"Nystatin, Topical application",1.222860146182284,0.0011047496712382,0.09855787063356959,0.09855787063356959,#c9c9c9,#FF0000,1.0836350438822069,1.3799728474668165
252,RDS_Baby,"Caffeine, Oral",1.2499497328453346,0.0011722004549258,0.0976999371468868,0.0976999371468868,#c9c9c9,#FF0000,1.0923957876472865,1.430227351942686
253,Other_Resp_Dis_Baby,"Cyanocobalamin, Oral",0.9491683665597104,0.001263363875891,0.0966157181767526,0.0966157181767526,#0000ff,#FF0000,0.919539317024825,0.9797521121691268
254,IVH_Baby,"Cyanocobalamin, Oral",1.1994525647277734,0.0012936206431119,0.09627310209127617,0.09627310209127617,#c9c9c9,#FF0000,1.0736638323738137,1.3399785031886324
255,Arrhythmia_Baby,"Iron, Oral",0.852850954034825,0.0014034424108404,0.09509351345325576,0.09509351345325576,#0000ff,#FF0000,0.7734876995636519,0.9403572289623148
256,RDS_Baby,"Metronidazole, Oral",1.176501950918402,0.0015527894327858,0.09362958110394753,0.09362958110394753,#c9c9c9,#FF0000,1.0638300016426725,1.301107167853429
257,RDS_Baby,"Indomethacin, Oral",1.482056627575308,0.0015744287648267,0.09342923280921447,0.09342923280921447,#c9c9c9,#FF0000,1.1612013603254632,1.891568441432293
258,LGA_Baby,"Glyburide, Oral",1.1358495889542934,0.0015784388294515,0.09339240813399133,0.09339240813399133,#c9c9c9,#FF0000,1.0495594427351065,1.2292341302418768
259,Hypoglycemia_Baby,"Levothyroxine, Oral",1.1161933102191186,0.0016522899839455,0.09273045765969477,0.09273045765969477,#c9c9c9,#FF0000,1.042323508974507,1.195298287960216
260,Hypoglycemia_Baby,"Calcium, Oral",0.9291336607776904,0.0017715853887275,0.09172126367487189,0.09172126367487189,#0000ff,#FF0000,0.8872868946645148,0.9729540296169524
261,TTN_Baby,"Lamotrigine, Oral",1.467728085367648,0.0019341213070932,0.09045054302241128,0.09045054302241128,#c9c9c9,#FF0000,1.1515695140687532,1.870686663947554
262,ROP_Baby,"Doconexent, Oral",1.1697209271650673,0.0019824887193654,0.09009297583996358,0.09009297583996358,#c9c9c9,#FF0000,1.0591022423375815,1.2918932589813037
263,Postmaturity_Baby,"Metoclopramide, Oral",0.4115220393876513,0.0020523241181292,0.08959180170543055,0.08959180170543055,#0000ff,#FF0000,0.2339993842895079,0.723721514977358
264,ROP_Baby,"Prenatal Vitamins, Oral",1.1833473568346606,0.0020615867872204,0.0895266125952096,0.0895266125952096,#c9c9c9,#FF0000,1.0631767022086254,1.3171008770400965
265,Hypoglycemia_Baby,"Methyldopa, Oral",0.8258177547485842,0.002076382666843,0.0894230868388948,0.0894230868388948,#0000ff,#FF0000,0.73110135200218,0.9328049554146622
266,Jaundice_Baby,"Human Rho(D) immune globulin, Intramuscular",0.8407010261602578,0.0021575212768965,0.08886816375652894,0.08886816375652894,#0000ff,#FF0000,0.7524782910566614,0.9392672503474124
267,Hypoglycemia_Baby,"Insulin lispro, Injection",1.3070346408142974,0.0022809762316205,0.08806264133879595,0.08806264133879595,#c9c9c9,#FF0000,1.1004838065324212,1.5523531942477795
268,Postmaturity_Baby,"Hydrocortisone acetate, Topical application",0.4796663112827765,0.0024461205284923,0.08705073825464232,0.08705073825464232,#0000ff,#FF0000,0.2982283679247453,0.7714885467826573
269,TTN_Baby,"Cyanocobalamin, Oral",0.9432984140837262,0.0028491546225136,0.08484279937094276,0.08484279937094276,#0000ff,#FF0000,0.9078112621854132,0.9801727904000554
270,LGA_Baby,"Ondansetron, Oral",0.903349896726578,0.0029585025008514,0.0842976019757799,0.0842976019757799,#0000ff,#FF0000,0.8447811948885344,0.9659791681603338
271,Other_Resp_Dis_Baby,"Nystatin, Topical application",1.2029671026675404,0.0030087536764281,0.08405377886825152,0.08405377886825152,#c9c9c9,#FF0000,1.0647221335892507,1.35916198644426
272,Other_Resp_Dis_Baby,"Nitrofurantoin, Oral",1.0785694404762205,0.0031248222908085,0.08350582253403181,0.08350582253403181,#c9c9c9,#FF0000,1.0257990470290317,1.1340545122345624
273,RDS_Baby,"Fluoxetine, Oral",1.2746207929735045,0.0031859080677515,0.08322555867709168,0.08322555867709168,#c9c9c9,#FF0000,1.0847948194341686,1.497664016065112
274,Jaundice_Baby,"Methylprednisolone, Oral",1.1307849776000138,0.0035567686873818,0.08163147926712021,0.08163147926712021,#c9c9c9,#FF0000,1.0410915604836837,1.228205773728298
275,Seizures_Baby,"Prenatal Vitamins, Oral",0.7562875830098359,0.0035915795663136,0.08149048359834625,0.08149048359834625,#0000ff,#FF0000,0.6266638003658478,0.9127237090780438
276,BPD_OLD_Baby,"Pantoprazole, Oral",1.1640634622415431,0.0036233699897169,0.08136291056679228,0.08136291056679228,#c9c9c9,#FF0000,1.0508182460930549,1.2895129573204742
277,Anemia_All_Baby,"Valaciclovir, Oral",0.7973368128133561,0.0037303428025826,0.08094170855160314,0.08094170855160314,#0000ff,#FF0000,0.6841777455261306,0.9292117395289936
278,Postmaturity_Baby,"Trimethoprim, Oral",0.4439634537165245,0.0038550751600519,0.080465571678518,0.080465571678518,#0000ff,#FF0000,0.2559554137113535,0.7700698546590716
279,Postmaturity_Baby,"Clindamycin, Oral",0.4834923730014162,0.0039432644657265,0.08013813649375484,0.08013813649375484,#0000ff,#FF0000,0.2949862390778904,0.7924602702867625
280,BPD_OLD_Baby,"Progesterone, Oral",1.2927715207264898,0.0039475237109258,0.08012250842361056,0.08012250842361056,#c9c9c9,#FF0000,1.085644474036473,1.5394157523665837
281,Postmaturity_Baby,"Sulfamethoxazole, Oral",0.4443421316863871,0.0039691179133735,0.08004353330033322,0.08004353330033322,#0000ff,#FF0000,0.2558730210504518,0.7716324651228951
282,LGA_Baby,"Enoxaparin, Subcutaneous",0.821583601302836,0.0041890882879216,0.07926268288289756,0.07926268288289756,#0000ff,#FF0000,0.7181830656865471,0.9398712475689908
283,BPD_OLD_Baby,"Cephalexin, Oral",1.108855070176724,0.0041989644463998,0.07922859342060046,0.07922859342060046,#c9c9c9,#FF0000,1.033123485259498,1.190138046612878
284,TTN_Baby,"Acetaminophen, Oral",1.085213900551854,0.0043271973357745,0.07879310996526738,0.07879310996526738,#c9c9c9,#FF0000,1.0259334489628376,1.14791969317459
285,Jaundice_Baby,"Azithromycin, Oral",1.0317123447483976,0.0043386323670589,0.0787549049382443,0.0787549049382443,#c9c9c9,#FF0000,1.0098159205487034,1.0540835618117974
286,Other_Resp_Dis_Baby,"Insulin lispro, Injection",1.2479718601215417,0.0043507656252363,0.07871447704743394,0.07871447704743394,#c9c9c9,#FF0000,1.0717164747310886,1.453214353214087
287,BPD_OLD_Baby,"Bupropion, Oral",1.199040513707287,0.0046329578032243,0.07780472184379508,0.07780472184379508,#c9c9c9,#FF0000,1.057462943300418,1.3595730825557584
288,BPD_OLD_Baby,"Methyldopa, Oral",1.1274570929661274,0.0046440669399336,0.07777005096449,0.07777005096449,#c9c9c9,#FF0000,1.0375921842274574,1.225105119142813
289,SGA_Baby,"Labetalol, Oral",1.1888832492884165,0.0047022108050629,0.07758993016318677,0.07758993016318677,#c9c9c9,#FF0000,1.0544854045232983,1.340410568392418
290,Jaundice_Baby,"Ascorbic acid, Oral",0.9815756732885008,0.0048976443895762,0.07700042505069016,0.07700042505069016,#0000ff,#FF0000,0.968942592232128,0.9943734645539778
291,Neonatal_Death_Baby,"Folic acid, Oral",0.8466729213505695,0.0050177867100981,0.0766495934361469,0.0766495934361469,#0000ff,#FF0000,0.7537438416039225,0.951059227526002
292,Postmaturity_Baby,"Phenoxymethylpenicillin, Oral",0.4543167749292038,0.0050587479369981,0.07653189865698166,0.07653189865698166,#0000ff,#FF0000,0.2616941415560967,0.7887212558704838
293,Postmaturity_Baby,"Pramocaine, Topical application",0.5051521361383361,0.0053805763130523,0.07563904015329051,0.07563904015329051,#0000ff,#FF0000,0.3123038956717025,0.8170845262633893
294,BPD_OLD_Baby,"Cyanocobalamin, Oral",0.9564736119378616,0.0056286364934536,0.07498655992939282,0.07498655992939282,#0000ff,#FF0000,0.9268110987670668,0.9870854714088664
295,Anemia_All_Baby,"Nifedipine, Oral",1.153807371190028,0.0060986449127184,0.07382555507508179,0.07382555507508179,#c9c9c9,#FF0000,1.0416643052317918,1.2780234890704134
296,Neonatal_Death_Baby,"Prenatal Vitamins, Oral",0.8183810453786041,0.0066680569939097,0.07253335655937465,0.07253335655937465,#0000ff,#FF0000,0.7080619947514114,0.945888270235594
297,Postmaturity_Baby,"Tobramycin, Ophthalmic",0.3442890792713827,0.0067439087144429,0.07236961056513994,0.07236961056513994,#0000ff,#FF0000,0.1591899069965624,0.744613602344124
298,Jaundice_Baby,"Calcium carbonate, Oral",0.8969841183687349,0.0067655513737315,0.07232322679414992,0.07232322679414992,#0000ff,#FF0000,0.8291135266418947,0.9704105442163964
299,Hypoglycemia_Baby,"Acetaminophen, Oral",0.9035171571924494,0.0072426080488586,0.07133683390176727,0.07133683390176727,#0000ff,#FF0000,0.8390292841991498,0.9729615744226636
300,Other_Resp_Dis_Baby,"Pantoprazole, Oral",1.1510439861879342,0.0075025127755706,0.07082644187896475,0.07082644187896475,#c9c9c9,#FF0000,1.0382642045881232,1.2760742904210929
301,Pneumonia_Baby,"Ascorbic acid, Oral",0.909700677454224,0.0077229043538786,0.07040731145834182,0.07040731145834182,#0000ff,#FF0000,0.8485133450198877,0.9753003030745232
302,Jaundice_Baby,"Metoprolol, Oral",1.1515583508461829,0.008091647662775,0.06973210120380942,0.06973210120380942,#c9c9c9,#FF0000,1.037356102402198,1.2783330934601635
303,Hypoglycemia_Baby,"Insulin aspart, Injection",1.2903976020780596,0.0080984560949242,0.06971992559854928,0.06971992559854928,#c9c9c9,#FF0000,1.068482995030624,1.5584019391914437
304,LGA_Baby,"Heparin, Injection",0.8133190619808928,0.0080995555729499,0.06971796034812201,0.06971796034812201,#0000ff,#FF0000,0.697969238862341,0.9477321631819696
305,Jaundice_Baby,"Ursodeoxycholic acid, Oral",1.1723901668245331,0.0081233628515982,0.06967547158049196,0.06967547158049196,#c9c9c9,#FF0000,1.0421396387660202,1.318919895316886
306,NAS_Baby,"Sertraline, Oral",1.6800227239284211,0.0085164344435204,0.06899140640923442,0.06899140640923442,#c9c9c9,#FF0000,1.141455189364903,2.472700093015721
307,Postmaturity_Baby,"Thyroid, porcine, Oral",1.858013244553754,0.0085292127692717,0.06896970171895168,0.06896970171895168,#c9c9c9,#FF0000,1.1710428717190533,2.9479819230438853
308,NAS_Baby,"Zolpidem, Oral",1.6804830764093874,0.0097602096354011,0.06701802847354141,0.06701802847354141,#c9c9c9,#FF0000,1.133590768762938,2.491219448778815
309,Other_Resp_Dis_Baby,"Bupropion, Oral",1.1808780906065233,0.0099244223336896,0.06677649208698003,0.06677649208698003,#c9c9c9,#FF0000,1.040685902180965,1.3399557560567623
310,Jaundice_Baby,"Vitamin B Complex, Oral",0.907334674637245,0.0099431302024795,0.0667492291194852,0.0667492291194852,#0000ff,#FF0000,0.8426692147708583,0.9769624870215986
311,LGA_Baby,"Butalbital, Oral",0.8413387358947734,0.0100837040663235,0.06654599694531324,0.06654599694531324,#0000ff,#FF0000,0.7375930161761878,0.9596767499055764
312,Anemia_AOP_Baby,"Valaciclovir, Oral",0.8020850483812634,0.0106379570459707,0.06577139225365607,0.06577139225365607,#0000ff,#FF0000,0.6772187255616144,0.9499743591751016
313,Hypoglycemia_Baby,"Omega-3 fatty acids, Oral",0.8489178245625543,0.0106540777565351,0.06574947126443736,0.06574947126443736,#0000ff,#FF0000,0.7486402183427485,0.962627247645518
